-0.2999	2.39133e-11	-6.14797e-13	6.94221e-14	6.33468e-15	-2.39059e-11	6.05052e-13	4.46581e-15	-7.75987e-15	
-0.2998	4.80392e-11	-1.31887e-12	1.24958e-13	3.72726e-14	-4.80078e-11	1.27797e-12	1.87638e-14	-3.25527e-14	
-0.2997	7.23799e-11	-2.11308e-12	1.66169e-13	9.30913e-14	-7.23077e-11	2.01938e-12	4.30358e-14	-7.45414e-14	
-0.2996	9.69379e-11	-2.99829e-12	1.92612e-13	1.74072e-13	-9.68076e-11	2.82992e-12	7.7425e-14	-1.3389e-13	
-0.2995	1.21716e-10	-3.97541e-12	2.03839e-13	2.80499e-13	-1.2151e-10	3.71024e-12	1.22076e-13	-2.10766e-13	
-0.2994	1.46716e-10	-5.04531e-12	1.99395e-13	4.12663e-13	-1.46416e-10	4.66098e-12	1.77136e-13	-3.05337e-13	
-0.2993	1.7194e-10	-6.2089e-12	1.7882e-13	5.70854e-13	-1.71528e-10	5.68281e-12	2.42752e-13	-4.17772e-13	
-0.2992	1.97392e-10	-7.46709e-12	1.4165e-13	7.55371e-13	-1.96848e-10	6.77638e-12	3.19073e-13	-5.48244e-13	
-0.2991	2.23074e-10	-8.82081e-12	8.74137e-14	9.66512e-13	-2.22379e-10	7.94237e-12	4.0625e-13	-6.96925e-13	
-0.299	2.48988e-10	-1.0271e-11	1.56344e-14	1.20458e-12	-2.48122e-10	9.18146e-12	5.04435e-13	-8.63991e-13	
-0.2989	2.75136e-10	-1.18186e-11	-7.41702e-14	1.46989e-12	-2.7408e-10	1.04943e-11	6.13782e-13	-1.04962e-12	
-0.2988	3.01522e-10	-1.34645e-11	-1.82488e-13	1.76275e-12	-3.00255e-10	1.18816e-11	7.34446e-13	-1.25399e-12	
-0.2987	3.28149e-10	-1.52097e-11	-3.09813e-13	2.08348e-12	-3.26648e-10	1.33441e-11	8.66585e-13	-1.47728e-12	
-0.2986	3.55018e-10	-1.70553e-11	-4.56646e-13	2.43239e-12	-3.53262e-10	1.48825e-11	1.01036e-12	-1.71967e-12	
-0.2985	3.82132e-10	-1.90021e-11	-6.23491e-13	2.80982e-12	-3.801e-10	1.64975e-11	1.16592e-12	-1.98135e-12	
-0.2984	4.09494e-10	-2.10512e-11	-8.10863e-13	3.21609e-12	-4.07163e-10	1.81897e-11	1.33344e-12	-2.26251e-12	
-0.2983	4.37107e-10	-2.32036e-11	-1.01928e-12	3.65153e-12	-4.34454e-10	1.996e-11	1.51307e-12	-2.56333e-12	
-0.2982	4.64974e-10	-2.54602e-11	-1.24926e-12	4.11649e-12	-4.61975e-10	2.1809e-11	1.70499e-12	-2.884e-12	
-0.2981	4.93097e-10	-2.78222e-11	-1.50134e-12	4.6113e-12	-4.89729e-10	2.37376e-11	1.90936e-12	-3.22471e-12	
-0.298	5.21479e-10	-3.02905e-11	-1.77606e-12	5.1363e-12	-5.17717e-10	2.57464e-11	2.12635e-12	-3.58567e-12	
-0.2979	5.50123e-10	-3.28663e-11	-2.07396e-12	5.69186e-12	-5.45941e-10	2.78362e-11	2.35612e-12	-3.96706e-12	
-0.2978	5.79031e-10	-3.55505e-11	-2.39559e-12	6.27833e-12	-5.74405e-10	3.00078e-11	2.59885e-12	-4.36908e-12	
-0.2977	6.08207e-10	-3.83443e-11	-2.74151e-12	6.89606e-12	-6.03111e-10	3.22619e-11	2.85472e-12	-4.79193e-12	
-0.2976	6.37654e-10	-4.12487e-11	-3.11228e-12	7.54542e-12	-6.3206e-10	3.45994e-11	3.12389e-12	-5.23582e-12	
-0.2975	6.67373e-10	-4.42648e-11	-3.50847e-12	8.22678e-12	-6.61256e-10	3.70209e-11	3.40655e-12	-5.70095e-12	
-0.2974	6.97369e-10	-4.73937e-11	-3.93066e-12	8.94052e-12	-6.907e-10	3.95274e-11	3.70287e-12	-6.18752e-12	
-0.2973	7.27645e-10	-5.06366e-11	-4.37944e-12	9.687e-12	-7.20396e-10	4.21195e-11	4.01303e-12	-6.69575e-12	
-0.2972	7.58202e-10	-5.39945e-11	-4.85539e-12	1.04666e-11	-7.50345e-10	4.47982e-11	4.33722e-12	-7.22584e-12	
-0.2971	7.89045e-10	-5.74687e-11	-5.35911e-12	1.12797e-11	-7.8055e-10	4.75642e-11	4.67562e-12	-7.778e-12	
-0.297	8.20176e-10	-6.10602e-11	-5.89121e-12	1.21268e-11	-8.11014e-10	5.04184e-11	5.02842e-12	-8.35246e-12	
-0.2969	8.51598e-10	-6.47703e-11	-6.45231e-12	1.30082e-11	-8.41739e-10	5.33615e-11	5.3958e-12	-8.94942e-12	
-0.2968	8.83315e-10	-6.86001e-11	-7.04302e-12	1.39242e-11	-8.72727e-10	5.63945e-11	5.77795e-12	-9.5691e-12	
-0.2967	9.15329e-10	-7.25508e-11	-7.66396e-12	1.48754e-11	-9.03982e-10	5.95182e-11	6.17506e-12	-1.02117e-11	
-0.2966	9.47644e-10	-7.66236e-11	-8.31578e-12	1.58621e-11	-9.35505e-10	6.27334e-11	6.58733e-12	-1.08775e-11	
-0.2965	9.80263e-10	-8.08198e-11	-8.99912e-12	1.68848e-11	-9.673e-10	6.60411e-11	7.01496e-12	-1.15667e-11	
-0.2964	1.01319e-09	-8.51404e-11	-9.71463e-12	1.79439e-11	-9.99368e-10	6.9442e-11	7.45813e-12	-1.22796e-11	
-0.2963	1.04643e-09	-8.95869e-11	-1.0463e-11	1.90397e-11	-1.03171e-09	7.29371e-11	7.91705e-12	-1.30162e-11	
-0.2962	1.07998e-09	-9.41605e-11	-1.12448e-11	2.01728e-11	-1.06434e-09	7.65273e-11	8.39193e-12	-1.3777e-11	
-0.2961	1.11384e-09	-9.88623e-11	-1.20608e-11	2.13435e-11	-1.09724e-09	8.02134e-11	8.88295e-12	-1.45621e-11	
-0.296	1.14803e-09	-1.03694e-10	-1.29116e-11	2.25524e-11	-1.13043e-09	8.39964e-11	9.39033e-12	-1.53717e-11	
-0.2959	1.18254e-09	-1.08656e-10	-1.3798e-11	2.37998e-11	-1.16391e-09	8.78772e-11	9.91428e-12	-1.62061e-11	
-0.2958	1.21738e-09	-1.13751e-10	-1.47206e-11	2.50863e-11	-1.19768e-09	9.18567e-11	1.0455e-11	-1.70656e-11	
-0.2957	1.25254e-09	-1.18979e-10	-1.56802e-11	2.64122e-11	-1.23174e-09	9.59359e-11	1.10127e-11	-1.79504e-11	
-0.2956	1.28805e-09	-1.24342e-10	-1.66774e-11	2.77781e-11	-1.2661e-09	1.00116e-10	1.15876e-11	-1.88606e-11	
-0.2955	1.32388e-09	-1.29841e-10	-1.77131e-11	2.91843e-11	-1.30075e-09	1.04397e-10	1.21799e-11	-1.97967e-11	
-0.2954	1.36006e-09	-1.35477e-10	-1.87878e-11	3.06315e-11	-1.33571e-09	1.08781e-10	1.27899e-11	-2.07588e-11	
-0.2953	1.39659e-09	-1.41253e-10	-1.99024e-11	3.21201e-11	-1.37097e-09	1.13268e-10	1.34177e-11	-2.17471e-11	
-0.2952	1.43346e-09	-1.47169e-10	-2.10576e-11	3.36505e-11	-1.40654e-09	1.1786e-10	1.40635e-11	-2.2762e-11	
-0.2951	1.47068e-09	-1.53227e-10	-2.22542e-11	3.52232e-11	-1.44241e-09	1.22558e-10	1.47277e-11	-2.38037e-11	
-0.295	1.50826e-09	-1.59427e-10	-2.34929e-11	3.68389e-11	-1.4786e-09	1.27362e-10	1.54104e-11	-2.48724e-11	
-0.2949	1.5462e-09	-1.65773e-10	-2.47745e-11	3.84978e-11	-1.51511e-09	1.32273e-10	1.61118e-11	-2.59685e-11	
-0.2948	1.58449e-09	-1.72264e-10	-2.60998e-11	4.02007e-11	-1.55194e-09	1.37293e-10	1.68322e-11	-2.70922e-11	
-0.2947	1.62316e-09	-1.78903e-10	-2.74696e-11	4.19479e-11	-1.58908e-09	1.42422e-10	1.75718e-11	-2.82437e-11	
-0.2946	1.66219e-09	-1.85691e-10	-2.88847e-11	4.37401e-11	-1.62655e-09	1.47662e-10	1.83309e-11	-2.94233e-11	
-0.2945	1.7016e-09	-1.9263e-10	-3.0346e-11	4.55777e-11	-1.66435e-09	1.53014e-10	1.91097e-11	-3.06313e-11	
-0.2944	1.74139e-09	-1.9972e-10	-3.18541e-11	4.74613e-11	-1.70248e-09	1.58478e-10	1.99083e-11	-3.1868e-11	
-0.2943	1.78156e-09	-2.06964e-10	-3.34101e-11	4.93914e-11	-1.74095e-09	1.64056e-10	2.07272e-11	-3.31337e-11	
-0.2942	1.82211e-09	-2.14363e-10	-3.50147e-11	5.13686e-11	-1.77975e-09	1.69749e-10	2.15664e-11	-3.44286e-11	
-0.2941	1.86306e-09	-2.2192e-10	-3.66692e-11	5.33941e-11	-1.8189e-09	1.7556e-10	2.24266e-11	-3.57534e-11	
-0.293999	1.90466e-09	-2.29683e-10	-3.83844e-11	5.54802e-11	-1.85863e-09	1.81524e-10	2.3313e-11	-3.71162e-11	
-0.293898	1.94705e-09	-2.37682e-10	-4.01682e-11	5.7636e-11	-1.89909e-09	1.87664e-10	2.42294e-11	-3.85227e-11	
-0.293795	1.99034e-09	-2.4594e-10	-4.20268e-11	5.98677e-11	-1.94038e-09	1.93999e-10	2.51786e-11	-3.99769e-11	
-0.293691	2.0346e-09	-2.54476e-10	-4.39654e-11	6.21809e-11	-1.98256e-09	2.00542e-10	2.61629e-11	-4.14821e-11	
-0.293586	2.07989e-09	-2.63305e-10	-4.59887e-11	6.45798e-11	-2.02567e-09	2.07304e-10	2.71841e-11	-4.30411e-11	
-0.293479	2.12626e-09	-2.7244e-10	-4.81012e-11	6.70687e-11	-2.06978e-09	2.14296e-10	2.82441e-11	-4.46563e-11	
-0.293371	2.17373e-09	-2.81894e-10	-5.03072e-11	6.96514e-11	-2.1149e-09	2.21526e-10	2.93446e-11	-4.63301e-11	
-0.293261	2.22236e-09	-2.91678e-10	-5.26111e-11	7.23318e-11	-2.16107e-09	2.29004e-10	3.04872e-11	-4.80648e-11	
-0.29315	2.27216e-09	-3.01807e-10	-5.50172e-11	7.51137e-11	-2.20832e-09	2.36738e-10	3.16736e-11	-4.98627e-11	
-0.293037	2.32319e-09	-3.1229e-10	-5.75302e-11	7.80009e-11	-2.25668e-09	2.44738e-10	3.29055e-11	-5.17259e-11	
-0.292923	2.37546e-09	-3.23142e-10	-6.01548e-11	8.09975e-11	-2.30618e-09	2.53013e-10	3.41845e-11	-5.36569e-11	
-0.292808	2.42902e-09	-3.34375e-10	-6.28957e-11	8.41076e-11	-2.35684e-09	2.61572e-10	3.55125e-11	-5.5658e-11	
-0.29269	2.4839e-09	-3.46002e-10	-6.57582e-11	8.73353e-11	-2.40871e-09	2.70425e-10	3.68913e-11	-5.77316e-11	
-0.292572	2.54013e-09	-3.58037e-10	-6.87474e-11	9.0685e-11	-2.46181e-09	2.79581e-10	3.83227e-11	-5.98804e-11	
-0.292451	2.59776e-09	-3.70493e-10	-7.18687e-11	9.41613e-11	-2.51616e-09	2.89052e-10	3.98088e-11	-6.21069e-11	
-0.292329	2.65682e-09	-3.83386e-10	-7.5128e-11	9.77687e-11	-2.57182e-09	2.98846e-10	4.13515e-11	-6.44137e-11	
-0.292206	2.71734e-09	-3.9673e-10	-7.85312e-11	1.01512e-10	-2.62879e-09	3.08976e-10	4.29529e-11	-6.68037e-11	
-0.292081	2.77938e-09	-4.1054e-10	-8.20844e-11	1.05397e-10	-2.68713e-09	3.19452e-10	4.46153e-11	-6.92797e-11	
-0.291955	2.84296e-09	-4.24832e-10	-8.57941e-11	1.09428e-10	-2.74687e-09	3.30286e-10	4.63408e-11	-7.18447e-11	
-0.291826	2.90814e-09	-4.39624e-10	-8.9667e-11	1.1361e-10	-2.80804e-09	3.4149e-10	4.81318e-11	-7.45017e-11	
-0.291697	2.97495e-09	-4.54932e-10	-9.37101e-11	1.1795e-10	-2.87068e-09	3.53076e-10	4.99906e-11	-7.72539e-11	
-0.291565	3.04345e-09	-4.70773e-10	-9.79307e-11	1.22453e-10	-2.93482e-09	3.65058e-10	5.19198e-11	-8.01046e-11	
-0.291432	3.11367e-09	-4.87166e-10	-1.02336e-10	1.27125e-10	-3.00051e-09	3.77447e-10	5.39219e-11	-8.3057e-11	
-0.291298	3.18567e-09	-5.04129e-10	-1.06935e-10	1.31972e-10	-3.0678e-09	3.90258e-10	5.59997e-11	-8.61148e-11	
-0.291161	3.2595e-09	-5.21683e-10	-1.11735e-10	1.37e-10	-3.13671e-09	4.03504e-10	5.81558e-11	-8.92814e-11	
-0.291024	3.3352e-09	-5.39846e-10	-1.16745e-10	1.42217e-10	-3.20729e-09	4.17201e-10	6.03932e-11	-9.25606e-11	
-0.290884	3.41283e-09	-5.5864e-10	-1.21973e-10	1.4763e-10	-3.27959e-09	4.31362e-10	6.27147e-11	-9.59563e-11	
-0.290743	3.49245e-09	-5.78087e-10	-1.2743e-10	1.53245e-10	-3.35365e-09	4.46004e-10	6.51236e-11	-9.94724e-11	
-0.2906	3.5741e-09	-5.98207e-10	-1.33125e-10	1.5907e-10	-3.42953e-09	4.61143e-10	6.76228e-11	-1.03113e-10	
-0.290456	3.65786e-09	-6.19025e-10	-1.39067e-10	1.65112e-10	-3.50726e-09	4.76794e-10	7.02159e-11	-1.06882e-10	
-0.29031	3.74377e-09	-6.40564e-10	-1.45268e-10	1.7138e-10	-3.5869e-09	4.92975e-10	7.2906e-11	-1.10784e-10	
-0.290162	3.83189e-09	-6.62849e-10	-1.51738e-10	1.77883e-10	-3.66849e-09	5.09703e-10	7.56969e-11	-1.14824e-10	
-0.290013	3.9223e-09	-6.85904e-10	-1.58489e-10	1.84627e-10	-3.7521e-09	5.26996e-10	7.85921e-11	-1.19006e-10	
-0.289862	4.01506e-09	-7.09756e-10	-1.65532e-10	1.91624e-10	-3.83778e-09	5.44874e-10	8.15954e-11	-1.23336e-10	
-0.289709	4.11023e-09	-7.34432e-10	-1.72881e-10	1.98881e-10	-3.92558e-09	5.63355e-10	8.47107e-11	-1.27817e-10	
-0.289555	4.20789e-09	-7.5996e-10	-1.80548e-10	2.06408e-10	-4.01556e-09	5.82459e-10	8.79421e-11	-1.32455e-10	
-0.289398	4.3081e-09	-7.86368e-10	-1.88546e-10	2.14216e-10	-4.10777e-09	6.02207e-10	9.12937e-11	-1.37256e-10	
-0.289241	4.41094e-09	-8.13688e-10	-1.96889e-10	2.22314e-10	-4.20229e-09	6.22619e-10	9.477e-11	-1.42225e-10	
-0.289081	4.51649e-09	-8.41948e-10	-2.05593e-10	2.30714e-10	-4.29917e-09	6.43719e-10	9.83754e-11	-1.47367e-10	
-0.28892	4.62482e-09	-8.71182e-10	-2.14671e-10	2.39426e-10	-4.39848e-09	6.65528e-10	1.02115e-10	-1.52689e-10	
-0.288757	4.73602e-09	-9.01422e-10	-2.2414e-10	2.48461e-10	-4.50029e-09	6.8807e-10	1.05992e-10	-1.58196e-10	
-0.288593	4.85017e-09	-9.32702e-10	-2.34017e-10	2.57833e-10	-4.60465e-09	7.1137e-10	1.10014e-10	-1.63895e-10	
-0.288426	4.96735e-09	-9.65058e-10	-2.44317e-10	2.67553e-10	-4.71166e-09	7.35451e-10	1.14184e-10	-1.69792e-10	
-0.288258	5.08767e-09	-9.98526e-10	-2.5506e-10	2.77634e-10	-4.82137e-09	7.6034e-10	1.18508e-10	-1.75894e-10	
-0.288089	5.2112e-09	-1.03314e-09	-2.66264e-10	2.8809e-10	-4.93387e-09	7.86063e-10	1.22992e-10	-1.82207e-10	
-0.287917	5.33805e-09	-1.06895e-09	-2.77948e-10	2.98933e-10	-5.04923e-09	8.12648e-10	1.27641e-10	-1.8874e-10	
-0.287744	5.46831e-09	-1.10599e-09	-2.90131e-10	3.10179e-10	-5.16753e-09	8.40123e-10	1.32461e-10	-1.95498e-10	
-0.287569	5.60208e-09	-1.14429e-09	-3.02836e-10	3.21843e-10	-5.28885e-09	8.68517e-10	1.37459e-10	-2.0249e-10	
-0.287393	5.73947e-09	-1.18391e-09	-3.16083e-10	3.33939e-10	-5.41328e-09	8.97861e-10	1.42641e-10	-2.09724e-10	
-0.287214	5.88059e-09	-1.22489e-09	-3.29896e-10	3.46483e-10	-5.54091e-09	9.28185e-10	1.48012e-10	-2.17207e-10	
-0.287034	6.02555e-09	-1.26727e-09	-3.44298e-10	3.59494e-10	-5.67183e-09	9.59523e-10	1.53581e-10	-2.24948e-10	
-0.286853	6.17446e-09	-1.3111e-09	-3.59313e-10	3.72986e-10	-5.80613e-09	9.91906e-10	1.59354e-10	-2.32956e-10	
-0.286669	6.32744e-09	-1.35643e-09	-3.74967e-10	3.86979e-10	-5.9439e-09	1.02537e-09	1.65339e-10	-2.41239e-10	
-0.286484	6.48463e-09	-1.40332e-09	-3.91287e-10	4.01491e-10	-6.08524e-09	1.05995e-09	1.71543e-10	-2.49807e-10	
-0.286297	6.64613e-09	-1.45181e-09	-4.083e-10	4.16541e-10	-6.23027e-09	1.09568e-09	1.77973e-10	-2.58668e-10	
-0.286109	6.81209e-09	-1.50195e-09	-4.26035e-10	4.32148e-10	-6.37907e-09	1.13261e-09	1.84638e-10	-2.67834e-10	
-0.285919	6.98263e-09	-1.55382e-09	-4.44522e-10	4.48335e-10	-6.53177e-09	1.17076e-09	1.91546e-10	-2.77314e-10	
-0.285727	7.15791e-09	-1.60745e-09	-4.63793e-10	4.65121e-10	-6.68846e-09	1.21018e-09	1.98707e-10	-2.87119e-10	
-0.285533	7.33806e-09	-1.66292e-09	-4.83879e-10	4.82529e-10	-6.84928e-09	1.25092e-09	2.06128e-10	-2.97259e-10	
-0.285337	7.52322e-09	-1.72028e-09	-5.04814e-10	5.00583e-10	-7.01432e-09	1.29301e-09	2.13819e-10	-3.07746e-10	
-0.28514	7.71357e-09	-1.7796e-09	-5.26634e-10	5.19306e-10	-7.18373e-09	1.3365e-09	2.2179e-10	-3.18591e-10	
-0.284941	7.90925e-09	-1.84095e-09	-5.49375e-10	5.38723e-10	-7.35762e-09	1.38143e-09	2.3005e-10	-3.29806e-10	
-0.284741	8.11043e-09	-1.90439e-09	-5.73075e-10	5.5886e-10	-7.53612e-09	1.42786e-09	2.3861e-10	-3.41403e-10	
-0.284539	8.31727e-09	-1.97e-09	-5.97774e-10	5.79744e-10	-7.71936e-09	1.47583e-09	2.4748e-10	-3.53396e-10	
-0.284335	8.52996e-09	-2.03784e-09	-6.23513e-10	6.01401e-10	-7.90749e-09	1.52539e-09	2.56672e-10	-3.65797e-10	
-0.284129	8.74867e-09	-2.108e-09	-6.50335e-10	6.23862e-10	-8.10065e-09	1.57659e-09	2.66197e-10	-3.7862e-10	
-0.283922	8.97359e-09	-2.18056e-09	-6.78284e-10	6.47156e-10	-8.29899e-09	1.6295e-09	2.76066e-10	-3.91879e-10	
-0.283713	9.20492e-09	-2.25559e-09	-7.07406e-10	6.71313e-10	-8.50265e-09	1.68416e-09	2.86292e-10	-4.05588e-10	
-0.283502	9.44284e-09	-2.33318e-09	-7.37751e-10	6.96367e-10	-8.71179e-09	1.74063e-09	2.96887e-10	-4.19763e-10	
-0.283289	9.68758e-09	-2.41341e-09	-7.69368e-10	7.2235e-10	-8.92657e-09	1.79897e-09	3.07865e-10	-4.34419e-10	
-0.283075	9.93933e-09	-2.49638e-09	-8.02309e-10	7.49297e-10	-9.14716e-09	1.85925e-09	3.19238e-10	-4.49572e-10	
-0.282859	1.01983e-08	-2.58218e-09	-8.3663e-10	7.77243e-10	-9.37373e-09	1.92152e-09	3.31021e-10	-4.65238e-10	
-0.282642	1.04648e-08	-2.67091e-09	-8.72385e-10	8.06228e-10	-9.60646e-09	1.98585e-09	3.43228e-10	-4.81435e-10	
-0.282423	1.07389e-08	-2.76266e-09	-9.09635e-10	8.36288e-10	-9.84552e-09	2.05232e-09	3.55875e-10	-4.9818e-10	
-0.282202	1.1021e-08	-2.85754e-09	-9.4844e-10	8.67464e-10	-1.00911e-08	2.12098e-09	3.68975e-10	-5.15491e-10	
-0.281979	1.13113e-08	-2.95566e-09	-9.88864e-10	8.99797e-10	-1.03434e-08	2.19192e-09	3.82547e-10	-5.33388e-10	
-0.281755	1.16101e-08	-3.05712e-09	-1.03097e-09	9.33332e-10	-1.06026e-08	2.26521e-09	3.96605e-10	-5.5189e-10	
-0.281529	1.19175e-08	-3.16203e-09	-1.07484e-09	9.68112e-10	-1.0869e-08	2.34092e-09	4.11168e-10	-5.71017e-10	
-0.281302	1.2234e-08	-3.27053e-09	-1.12053e-09	1.00419e-09	-1.11427e-08	2.41913e-09	4.26252e-10	-5.90789e-10	
-0.281073	1.25597e-08	-3.38272e-09	-1.16812e-09	1.0416e-09	-1.14239e-08	2.49993e-09	4.41876e-10	-6.11228e-10	
-0.280842	1.2895e-08	-3.49875e-09	-1.21768e-09	1.0804e-09	-1.1713e-08	2.5834e-09	4.5806e-10	-6.32357e-10	
-0.280609	1.32402e-08	-3.61872e-09	-1.26931e-09	1.12065e-09	-1.201e-08	2.66964e-09	4.74822e-10	-6.54198e-10	
-0.280375	1.35956e-08	-3.74279e-09	-1.32308e-09	1.16239e-09	-1.23153e-08	2.75872e-09	4.92183e-10	-6.76775e-10	
-0.28014	1.39615e-08	-3.87109e-09	-1.37907e-09	1.20569e-09	-1.26291e-08	2.85075e-09	5.10164e-10	-7.00112e-10	
-0.279902	1.43382e-08	-4.00377e-09	-1.43739e-09	1.2506e-09	-1.29516e-08	2.94582e-09	5.28787e-10	-7.24235e-10	
-0.279663	1.47262e-08	-4.14097e-09	-1.49812e-09	1.29718e-09	-1.32832e-08	3.04403e-09	5.48073e-10	-7.4917e-10	
-0.279423	1.51257e-08	-4.28285e-09	-1.56137e-09	1.34549e-09	-1.36241e-08	3.14549e-09	5.68047e-10	-7.74943e-10	
-0.279181	1.55371e-08	-4.42957e-09	-1.62723e-09	1.39561e-09	-1.39746e-08	3.2503e-09	5.88733e-10	-8.01584e-10	
-0.278937	1.59608e-08	-4.5813e-09	-1.69581e-09	1.44759e-09	-1.43349e-08	3.35858e-09	6.10154e-10	-8.2912e-10	
-0.278691	1.63973e-08	-4.73821e-09	-1.76722e-09	1.50151e-09	-1.47053e-08	3.47043e-09	6.32337e-10	-8.57581e-10	
-0.278444	1.68468e-08	-4.90048e-09	-1.84158e-09	1.55743e-09	-1.50863e-08	3.58599e-09	6.55308e-10	-8.86998e-10	
-0.278196	1.73099e-08	-5.06828e-09	-1.91901e-09	1.61545e-09	-1.5478e-08	3.70536e-09	6.79096e-10	-9.17404e-10	
-0.277946	1.7787e-08	-5.24182e-09	-1.99962e-09	1.67562e-09	-1.58809e-08	3.82867e-09	7.03728e-10	-9.4883e-10	
-0.277694	1.82785e-08	-5.42128e-09	-2.08356e-09	1.73805e-09	-1.62952e-08	3.95606e-09	7.29233e-10	-9.81311e-10	
-0.277441	1.87849e-08	-5.60687e-09	-2.17094e-09	1.8028e-09	-1.67213e-08	4.08766e-09	7.55643e-10	-1.01488e-09	
-0.277186	1.93066e-08	-5.79881e-09	-2.26192e-09	1.86997e-09	-1.71596e-08	4.22361e-09	7.82988e-10	-1.04958e-09	
-0.27693	1.98443e-08	-5.9973e-09	-2.35664e-09	1.93964e-09	-1.76104e-08	4.36406e-09	8.11302e-10	-1.08544e-09	
-0.276672	2.03983e-08	-6.20258e-09	-2.45525e-09	2.01192e-09	-1.80742e-08	4.50914e-09	8.40618e-10	-1.1225e-09	
-0.276413	2.09692e-08	-6.41488e-09	-2.55791e-09	2.08691e-09	-1.85513e-08	4.65902e-09	8.70971e-10	-1.16081e-09	
-0.276152	2.15576e-08	-6.63445e-09	-2.66477e-09	2.16469e-09	-1.90421e-08	4.81386e-09	9.02396e-10	-1.2004e-09	
-0.275889	2.21641e-08	-6.86152e-09	-2.77602e-09	2.24538e-09	-1.9547e-08	4.97382e-09	9.34932e-10	-1.24132e-09	
-0.275625	2.27892e-08	-7.09636e-09	-2.89182e-09	2.32909e-09	-2.00665e-08	5.13907e-09	9.68617e-10	-1.2836e-09	
-0.27536	2.34336e-08	-7.33924e-09	-3.01237e-09	2.41594e-09	-2.06011e-08	5.30978e-09	1.00349e-09	-1.32731e-09	
-0.275093	2.40978e-08	-7.59044e-09	-3.13784e-09	2.50603e-09	-2.11512e-08	5.48614e-09	1.03959e-09	-1.37248e-09	
-0.274825	2.47825e-08	-7.85024e-09	-3.26845e-09	2.5995e-09	-2.17172e-08	5.66833e-09	1.07697e-09	-1.41916e-09	
-0.274555	2.54884e-08	-8.11895e-09	-3.40439e-09	2.69646e-09	-2.22997e-08	5.85655e-09	1.11566e-09	-1.4674e-09	
-0.274283	2.62163e-08	-8.39686e-09	-3.54588e-09	2.79706e-09	-2.28992e-08	6.051e-09	1.15572e-09	-1.51726e-09	
-0.274011	2.69667e-08	-8.6843e-09	-3.69315e-09	2.90143e-09	-2.35162e-08	6.25189e-09	1.19719e-09	-1.56879e-09	
-0.273736	2.77405e-08	-8.9816e-09	-3.84643e-09	3.00972e-09	-2.41513e-08	6.45942e-09	1.24011e-09	-1.62204e-09	
-0.273461	2.85384e-08	-9.28909e-09	-4.00595e-09	3.12206e-09	-2.48049e-08	6.67383e-09	1.28454e-09	-1.67707e-09	
-0.273184	2.93612e-08	-9.60714e-09	-4.17197e-09	3.23862e-09	-2.54778e-08	6.89534e-09	1.33054e-09	-1.73395e-09	
-0.272905	3.02098e-08	-9.9361e-09	-4.34476e-09	3.35955e-09	-2.61704e-08	7.12418e-09	1.37815e-09	-1.79273e-09	
-0.272625	3.1085e-08	-1.02764e-08	-4.52458e-09	3.48502e-09	-2.68834e-08	7.36061e-09	1.42744e-09	-1.85348e-09	
-0.272344	3.19876e-08	-1.06283e-08	-4.71171e-09	3.61521e-09	-2.76175e-08	7.60487e-09	1.47845e-09	-1.91626e-09	
-0.272061	3.29187e-08	-1.09924e-08	-4.90645e-09	3.75028e-09	-2.83732e-08	7.85722e-09	1.53125e-09	-1.98114e-09	
-0.271777	3.38791e-08	-1.13689e-08	-5.1091e-09	3.89043e-09	-2.91514e-08	8.11795e-09	1.58591e-09	-2.04819e-09	
-0.271491	3.48697e-08	-1.17584e-08	-5.31998e-09	4.03584e-09	-2.99526e-08	8.38731e-09	1.64248e-09	-2.11748e-09	
-0.271204	3.58917e-08	-1.21613e-08	-5.53943e-09	4.18673e-09	-3.07776e-08	8.66562e-09	1.70103e-09	-2.18909e-09	
-0.270916	3.6946e-08	-1.25781e-08	-5.76777e-09	4.34329e-09	-3.16272e-08	8.95315e-09	1.76163e-09	-2.2631e-09	
-0.270626	3.80338e-08	-1.30092e-08	-6.00538e-09	4.50574e-09	-3.2502e-08	9.25023e-09	1.82436e-09	-2.33959e-09	
-0.270335	3.91561e-08	-1.34552e-08	-6.25261e-09	4.6743e-09	-3.3403e-08	9.55717e-09	1.88928e-09	-2.41863e-09	
-0.270043	4.03141e-08	-1.39166e-08	-6.50986e-09	4.84921e-09	-3.43309e-08	9.8743e-09	1.95647e-09	-2.50032e-09	
-0.269749	4.15089e-08	-1.43938e-08	-6.77753e-09	5.0307e-09	-3.52866e-08	1.0202e-08	2.02601e-09	-2.58473e-09	
-0.269454	4.27419e-08	-1.48875e-08	-7.05603e-09	5.21903e-09	-3.6271e-08	1.05405e-08	2.09798e-09	-2.67198e-09	
-0.269158	4.40143e-08	-1.53982e-08	-7.3458e-09	5.41446e-09	-3.72849e-08	1.08903e-08	2.17247e-09	-2.76214e-09	
-0.26886	4.53275e-08	-1.59266e-08	-7.64728e-09	5.61726e-09	-3.83293e-08	1.12517e-08	2.24956e-09	-2.85532e-09	
-0.268561	4.66827e-08	-1.64732e-08	-7.96095e-09	5.8277e-09	-3.94051e-08	1.16252e-08	2.32934e-09	-2.95162e-09	
-0.268261	4.80813e-08	-1.70387e-08	-8.28729e-09	6.04608e-09	-4.05135e-08	1.20111e-08	2.4119e-09	-3.05114e-09	
-0.26796	4.9525e-08	-1.76237e-08	-8.6268e-09	6.27269e-09	-4.16553e-08	1.24098e-08	2.49735e-09	-3.15399e-09	
-0.267657	5.10151e-08	-1.8229e-08	-8.98002e-09	6.50786e-09	-4.28316e-08	1.28218e-08	2.58577e-09	-3.26028e-09	
-0.267353	5.25533e-08	-1.88552e-08	-9.34749e-09	6.75191e-09	-4.40436e-08	1.32475e-08	2.67728e-09	-3.37013e-09	
-0.267048	5.41411e-08	-1.9503e-08	-9.72977e-09	7.00517e-09	-4.52924e-08	1.36873e-08	2.77198e-09	-3.48366e-09	
-0.266741	5.57802e-08	-2.01733e-08	-1.01275e-08	7.268e-09	-4.65791e-08	1.41419e-08	2.86998e-09	-3.60098e-09	
-0.266434	5.74724e-08	-2.08668e-08	-1.05412e-08	7.54076e-09	-4.7905e-08	1.46116e-08	2.97139e-09	-3.72224e-09	
-0.266125	5.92194e-08	-2.15843e-08	-1.09716e-08	7.82383e-09	-4.92712e-08	1.50969e-08	3.07634e-09	-3.84755e-09	
-0.265814	6.10232e-08	-2.23267e-08	-1.14193e-08	8.1176e-09	-5.06792e-08	1.55984e-08	3.18494e-09	-3.97706e-09	
-0.265503	6.28856e-08	-2.30949e-08	-1.1885e-08	8.42247e-09	-5.21302e-08	1.61167e-08	3.29732e-09	-4.11091e-09	
-0.265191	6.48086e-08	-2.38897e-08	-1.23694e-08	8.73888e-09	-5.36256e-08	1.66523e-08	3.41361e-09	-4.24924e-09	
-0.264877	6.67943e-08	-2.4712e-08	-1.28734e-08	9.06727e-09	-5.51668e-08	1.72057e-08	3.53394e-09	-4.3922e-09	
-0.264562	6.88447e-08	-2.5563e-08	-1.33976e-08	9.40807e-09	-5.67553e-08	1.77777e-08	3.65846e-09	-4.53995e-09	
-0.264246	7.09622e-08	-2.64435e-08	-1.39428e-08	9.76179e-09	-5.83925e-08	1.83688e-08	3.78731e-09	-4.69265e-09	
-0.263928	7.3149e-08	-2.73546e-08	-1.451e-08	1.01289e-08	-6.00802e-08	1.89796e-08	3.92064e-09	-4.85047e-09	
-0.26361	7.54073e-08	-2.82974e-08	-1.50999e-08	1.05099e-08	-6.18199e-08	1.96108e-08	4.0586e-09	-5.01358e-09	
-0.26329	7.77398e-08	-2.9273e-08	-1.57135e-08	1.09053e-08	-6.36132e-08	2.02632e-08	4.20136e-09	-5.18216e-09	
-0.26297	8.01489e-08	-3.02825e-08	-1.63517e-08	1.13158e-08	-6.54619e-08	2.09374e-08	4.34908e-09	-5.35638e-09	
-0.262648	8.26372e-08	-3.13272e-08	-1.70155e-08	1.17418e-08	-6.73677e-08	2.16342e-08	4.50192e-09	-5.53645e-09	
-0.262325	8.52074e-08	-3.24083e-08	-1.77059e-08	1.21839e-08	-6.93326e-08	2.23543e-08	4.66007e-09	-5.72256e-09	
-0.262001	8.78624e-08	-3.35271e-08	-1.8424e-08	1.26428e-08	-7.13584e-08	2.30985e-08	4.82372e-09	-5.91491e-09	
-0.261676	9.06049e-08	-3.46849e-08	-1.91708e-08	1.31191e-08	-7.34471e-08	2.38677e-08	4.99304e-09	-6.11371e-09	
-0.261349	9.34381e-08	-3.58831e-08	-1.99476e-08	1.36135e-08	-7.56007e-08	2.46627e-08	5.16824e-09	-6.31918e-09	
-0.261022	9.6365e-08	-3.71231e-08	-2.07555e-08	1.41267e-08	-7.78213e-08	2.54844e-08	5.34952e-09	-6.53154e-09	
-0.260694	9.93889e-08	-3.84064e-08	-2.15956e-08	1.46593e-08	-8.01111e-08	2.63336e-08	5.53708e-09	-6.75104e-09	
-0.260364	1.02513e-07	-3.97345e-08	-2.24695e-08	1.52122e-08	-8.24723e-08	2.72114e-08	5.73115e-09	-6.9779e-09	
-0.260033	1.05741e-07	-4.11091e-08	-2.33782e-08	1.5786e-08	-8.49073e-08	2.81186e-08	5.93196e-09	-7.21238e-09	
-0.259702	1.09076e-07	-4.25318e-08	-2.43233e-08	1.63817e-08	-8.74184e-08	2.90564e-08	6.13972e-09	-7.45473e-09	
-0.259369	1.12522e-07	-4.40042e-08	-2.53061e-08	1.7e-08	-9.00081e-08	3.00257e-08	6.35469e-09	-7.70522e-09	
-0.259035	1.16083e-07	-4.55281e-08	-2.63283e-08	1.76418e-08	-9.2679e-08	3.10276e-08	6.5771e-09	-7.96413e-09	
-0.258701	1.19763e-07	-4.71055e-08	-2.73912e-08	1.8308e-08	-9.54338e-08	3.20632e-08	6.80723e-09	-8.23174e-09	
-0.258365	1.23565e-07	-4.8738e-08	-2.84966e-08	1.89995e-08	-9.8275e-08	3.31336e-08	7.04533e-09	-8.50834e-09	
-0.258028	1.27495e-07	-5.04279e-08	-2.96462e-08	1.97173e-08	-1.01206e-07	3.42402e-08	7.29168e-09	-8.79424e-09	
-0.25769	1.31556e-07	-5.2177e-08	-3.08416e-08	2.04625e-08	-1.04229e-07	3.5384e-08	7.54656e-09	-9.08975e-09	
-0.257352	1.35753e-07	-5.39874e-08	-3.20847e-08	2.1236e-08	-1.07347e-07	3.65663e-08	7.81028e-09	-9.3952e-09	
-0.257012	1.40091e-07	-5.58614e-08	-3.33774e-08	2.20389e-08	-1.10563e-07	3.77886e-08	8.08312e-09	-9.71093e-09	
-0.256671	1.44574e-07	-5.78013e-08	-3.47216e-08	2.28724e-08	-1.13882e-07	3.90521e-08	8.36542e-09	-1.00373e-08	
-0.256329	1.49208e-07	-5.98092e-08	-3.61194e-08	2.37376e-08	-1.17305e-07	4.03582e-08	8.65749e-09	-1.03746e-08	
-0.255987	1.53998e-07	-6.18878e-08	-3.75729e-08	2.46358e-08	-1.20837e-07	4.17085e-08	8.95967e-09	-1.07233e-08	
-0.255643	1.58949e-07	-6.40395e-08	-3.90844e-08	2.55681e-08	-1.2448e-07	4.31044e-08	9.27232e-09	-1.10837e-08	
-0.255298	1.64068e-07	-6.62669e-08	-4.0656e-08	2.6536e-08	-1.28239e-07	4.45475e-08	9.59579e-09	-1.14563e-08	
-0.254953	1.69358e-07	-6.85727e-08	-4.22902e-08	2.75408e-08	-1.32118e-07	4.60393e-08	9.93046e-09	-1.18414e-08	
-0.254606	1.74828e-07	-7.09598e-08	-4.39895e-08	2.85839e-08	-1.3612e-07	4.75817e-08	1.02767e-08	-1.22395e-08	
-0.254259	1.80482e-07	-7.34309e-08	-4.57564e-08	2.96668e-08	-1.40249e-07	4.91763e-08	1.06349e-08	-1.2651e-08	
-0.253911	1.86328e-07	-7.59892e-08	-4.75936e-08	3.07909e-08	-1.4451e-07	5.08248e-08	1.10056e-08	-1.30764e-08	
-0.253561	1.92372e-07	-7.86377e-08	-4.95039e-08	3.19579e-08	-1.48907e-07	5.25292e-08	1.1389e-08	-1.35161e-08	
-0.253211	1.9862e-07	-8.13796e-08	-5.14902e-08	3.31694e-08	-1.53445e-07	5.42914e-08	1.17858e-08	-1.39706e-08	
-0.25286	2.05081e-07	-8.42184e-08	-5.35554e-08	3.44271e-08	-1.58127e-07	5.61134e-08	1.21962e-08	-1.44405e-08	
-0.252508	2.11761e-07	-8.71574e-08	-5.57027e-08	3.57328e-08	-1.6296e-07	5.79972e-08	1.26209e-08	-1.49262e-08	
-0.252156	2.18669e-07	-9.02003e-08	-5.79354e-08	3.70884e-08	-1.67947e-07	5.99449e-08	1.30603e-08	-1.54284e-08	
-0.251802	2.25811e-07	-9.33508e-08	-6.02568e-08	3.84957e-08	-1.73094e-07	6.19588e-08	1.35148e-08	-1.59474e-08	
-0.251447	2.33197e-07	-9.66127e-08	-6.26704e-08	3.99567e-08	-1.78406e-07	6.40411e-08	1.39851e-08	-1.64841e-08	
-0.251092	2.40835e-07	-9.999e-08	-6.51798e-08	4.14735e-08	-1.8389e-07	6.61942e-08	1.44717e-08	-1.70388e-08	
-0.250736	2.48733e-07	-1.03487e-07	-6.77889e-08	4.30482e-08	-1.89549e-07	6.84205e-08	1.49751e-08	-1.76123e-08	
-0.250378	2.56901e-07	-1.07108e-07	-7.05015e-08	4.46831e-08	-1.95391e-07	7.07225e-08	1.54959e-08	-1.82051e-08	
-0.250021	2.65349e-07	-1.10857e-07	-7.33218e-08	4.63804e-08	-2.01421e-07	7.31029e-08	1.60347e-08	-1.8818e-08	
-0.249662	2.74085e-07	-1.14739e-07	-7.6254e-08	4.81426e-08	-2.07645e-07	7.55644e-08	1.65922e-08	-1.94517e-08	
-0.249302	2.83121e-07	-1.18759e-07	-7.93025e-08	4.99721e-08	-2.14071e-07	7.81098e-08	1.71689e-08	-2.01067e-08	
-0.248942	2.92467e-07	-1.22921e-07	-8.24719e-08	5.18716e-08	-2.20704e-07	8.07419e-08	1.77656e-08	-2.07839e-08	
-0.24858	3.02133e-07	-1.27231e-07	-8.5767e-08	5.38437e-08	-2.27552e-07	8.34638e-08	1.8383e-08	-2.14841e-08	
-0.248218	3.12131e-07	-1.31694e-07	-8.91927e-08	5.58911e-08	-2.34622e-07	8.62786e-08	1.90217e-08	-2.22079e-08	
-0.247855	3.22473e-07	-1.36316e-07	-9.27542e-08	5.80169e-08	-2.41921e-07	8.91895e-08	1.96825e-08	-2.29563e-08	
-0.247492	3.33171e-07	-1.41102e-07	-9.64568e-08	6.0224e-08	-2.49457e-07	9.21998e-08	2.03662e-08	-2.373e-08	
-0.247127	3.44237e-07	-1.46059e-07	-1.00306e-07	6.25155e-08	-2.57238e-07	9.5313e-08	2.10736e-08	-2.45299e-08	
-0.246762	3.55685e-07	-1.51192e-07	-1.04308e-07	6.48947e-08	-2.65271e-07	9.85325e-08	2.18054e-08	-2.53569e-08	
-0.246396	3.67527e-07	-1.56507e-07	-1.08468e-07	6.73649e-08	-2.73566e-07	1.01862e-07	2.25625e-08	-2.6212e-08	
-0.246029	3.79778e-07	-1.62012e-07	-1.12793e-07	6.99296e-08	-2.82132e-07	1.05306e-07	2.33459e-08	-2.7096e-08	
-0.245662	3.92452e-07	-1.67713e-07	-1.1729e-07	7.25925e-08	-2.90976e-07	1.08867e-07	2.41563e-08	-2.80101e-08	
-0.245294	4.05565e-07	-1.73617e-07	-1.21964e-07	7.53573e-08	-3.00109e-07	1.12551e-07	2.49948e-08	-2.89551e-08	
-0.244925	4.19131e-07	-1.79732e-07	-1.26823e-07	7.8228e-08	-3.09541e-07	1.16361e-07	2.58624e-08	-2.99323e-08	
-0.244555	4.33168e-07	-1.86065e-07	-1.31875e-07	8.12087e-08	-3.19281e-07	1.20301e-07	2.67599e-08	-3.09426e-08	
-0.244184	4.4769e-07	-1.92624e-07	-1.37126e-07	8.43034e-08	-3.29339e-07	1.24377e-07	2.76885e-08	-3.19872e-08	
-0.243813	4.62717e-07	-1.99418e-07	-1.42585e-07	8.75167e-08	-3.39727e-07	1.28592e-07	2.86493e-08	-3.30673e-08	
-0.243441	4.78265e-07	-2.06454e-07	-1.4826e-07	9.08531e-08	-3.50455e-07	1.32952e-07	2.96433e-08	-3.41841e-08	
-0.243068	4.94353e-07	-2.13741e-07	-1.54159e-07	9.43174e-08	-3.61536e-07	1.37462e-07	3.06718e-08	-3.53389e-08	
-0.242695	5.11001e-07	-2.2129e-07	-1.60292e-07	9.79144e-08	-3.7298e-07	1.42127e-07	3.17359e-08	-3.65329e-08	
-0.242321	5.28227e-07	-2.29108e-07	-1.66666e-07	1.01649e-07	-3.84801e-07	1.46952e-07	3.28368e-08	-3.77676e-08	
-0.241946	5.46054e-07	-2.37206e-07	-1.73293e-07	1.05527e-07	-3.9701e-07	1.51944e-07	3.39758e-08	-3.90442e-08	
-0.241571	5.64502e-07	-2.45594e-07	-1.80182e-07	1.09554e-07	-4.09621e-07	1.57107e-07	3.51543e-08	-4.03644e-08	
-0.241194	5.83594e-07	-2.54283e-07	-1.87343e-07	1.13735e-07	-4.22648e-07	1.62448e-07	3.63736e-08	-4.17294e-08	
-0.240818	6.03351e-07	-2.63283e-07	-1.94786e-07	1.18076e-07	-4.36105e-07	1.67973e-07	3.76352e-08	-4.31409e-08	
-0.24044	6.23799e-07	-2.72606e-07	-2.02524e-07	1.22584e-07	-4.50005e-07	1.73688e-07	3.89404e-08	-4.46006e-08	
-0.240062	6.44962e-07	-2.82263e-07	-2.10567e-07	1.27265e-07	-4.64365e-07	1.796e-07	4.02909e-08	-4.61099e-08	
-0.239683	6.66864e-07	-2.92267e-07	-2.18928e-07	1.32125e-07	-4.792e-07	1.85717e-07	4.16882e-08	-4.76708e-08	
-0.239303	6.89534e-07	-3.0263e-07	-2.27619e-07	1.37172e-07	-4.94526e-07	1.92044e-07	4.31339e-08	-4.92848e-08	
-0.238923	7.12997e-07	-3.13365e-07	-2.36653e-07	1.42412e-07	-5.10359e-07	1.9859e-07	4.46297e-08	-5.09539e-08	
-0.238542	7.37283e-07	-3.24486e-07	-2.46043e-07	1.47853e-07	-5.26717e-07	2.05362e-07	4.61774e-08	-5.26799e-08	
-0.238161	7.62421e-07	-3.36006e-07	-2.55804e-07	1.53503e-07	-5.43618e-07	2.12368e-07	4.77787e-08	-5.44649e-08	
-0.237779	7.88442e-07	-3.47941e-07	-2.65949e-07	1.5937e-07	-5.6108e-07	2.19617e-07	4.94356e-08	-5.63108e-08	
-0.237396	8.15376e-07	-3.60306e-07	-2.76496e-07	1.65463e-07	-5.79123e-07	2.27116e-07	5.11499e-08	-5.82197e-08	
-0.237012	8.43257e-07	-3.73115e-07	-2.87458e-07	1.71789e-07	-5.97765e-07	2.34875e-07	5.29236e-08	-6.01939e-08	
-0.236628	8.72119e-07	-3.86386e-07	-2.98852e-07	1.78358e-07	-6.17028e-07	2.42903e-07	5.47589e-08	-6.22355e-08	
-0.236244	9.01997e-07	-4.00135e-07	-3.10695e-07	1.85179e-07	-6.36933e-07	2.51208e-07	5.66579e-08	-6.43469e-08	
-0.235858	9.32928e-07	-4.14379e-07	-3.23006e-07	1.92262e-07	-6.57501e-07	2.59802e-07	5.86228e-08	-6.65306e-08	
-0.235473	9.64949e-07	-4.29137e-07	-3.35802e-07	1.99618e-07	-6.78755e-07	2.68693e-07	6.06558e-08	-6.87889e-08	
-0.235086	9.98099e-07	-4.44428e-07	-3.49102e-07	2.07255e-07	-7.00719e-07	2.77894e-07	6.27594e-08	-7.11245e-08	
-0.234699	1.03242e-06	-4.6027e-07	-3.62926e-07	2.15186e-07	-7.23417e-07	2.87413e-07	6.4936e-08	-7.35401e-08	
-0.234311	1.06795e-06	-4.76684e-07	-3.77295e-07	2.23422e-07	-7.46875e-07	2.97263e-07	6.71882e-08	-7.60384e-08	
-0.233923	1.10474e-06	-4.9369e-07	-3.92229e-07	2.31975e-07	-7.71117e-07	3.07455e-07	6.95186e-08	-7.86222e-08	
-0.233534	1.14283e-06	-5.11312e-07	-4.07753e-07	2.40856e-07	-7.96171e-07	3.18002e-07	7.193e-08	-8.12947e-08	
-0.233145	1.18227e-06	-5.2957e-07	-4.23887e-07	2.50078e-07	-8.22066e-07	3.28916e-07	7.4425e-08	-8.40587e-08	
-0.232755	1.2231e-06	-5.48488e-07	-4.40657e-07	2.59654e-07	-8.48829e-07	3.40209e-07	7.70068e-08	-8.69175e-08	
-0.232364	1.26538e-06	-5.6809e-07	-4.58088e-07	2.69599e-07	-8.7649e-07	3.51895e-07	7.96783e-08	-8.98743e-08	
-0.231973	1.30916e-06	-5.88402e-07	-4.76204e-07	2.79926e-07	-9.05081e-07	3.63988e-07	8.24426e-08	-9.29326e-08	
-0.231581	1.3545e-06	-6.0945e-07	-4.95034e-07	2.9065e-07	-9.34634e-07	3.76503e-07	8.5303e-08	-9.60959e-08	
-0.231189	1.40144e-06	-6.31259e-07	-5.14605e-07	3.01787e-07	-9.65181e-07	3.89454e-07	8.82629e-08	-9.93678e-08	
-0.230796	1.45005e-06	-6.53859e-07	-5.34947e-07	3.13351e-07	-9.96756e-07	4.02857e-07	9.13256e-08	-1.02752e-07	
-0.230403	1.50039e-06	-6.77278e-07	-5.56088e-07	3.25361e-07	-1.0294e-06	4.16727e-07	9.44949e-08	-1.06253e-07	
-0.230009	1.55252e-06	-7.01546e-07	-5.78062e-07	3.37832e-07	-1.06314e-06	4.31081e-07	9.77744e-08	-1.09874e-07	
-0.229615	1.6065e-06	-7.26694e-07	-6.009e-07	3.50783e-07	-1.09802e-06	4.45937e-07	1.01168e-07	-1.13619e-07	
-0.22922	1.66241e-06	-7.52755e-07	-6.24637e-07	3.64232e-07	-1.13407e-06	4.61312e-07	1.0468e-07	-1.17493e-07	
-0.228824	1.7203e-06	-7.79762e-07	-6.49307e-07	3.78199e-07	-1.17135e-06	4.77224e-07	1.08314e-07	-1.21501e-07	
-0.228428	1.78027e-06	-8.0775e-07	-6.74948e-07	3.92703e-07	-1.20989e-06	4.93693e-07	1.12074e-07	-1.25646e-07	
-0.228032	1.84237e-06	-8.36755e-07	-7.01597e-07	4.07765e-07	-1.24973e-06	5.10738e-07	1.15965e-07	-1.29934e-07	
-0.227635	1.90669e-06	-8.66814e-07	-7.29294e-07	4.23406e-07	-1.29092e-06	5.2838e-07	1.19992e-07	-1.3437e-07	
-0.227237	1.9733e-06	-8.97965e-07	-7.58079e-07	4.3965e-07	-1.33351e-06	5.4664e-07	1.24159e-07	-1.38959e-07	
-0.226839	2.0423e-06	-9.3025e-07	-7.87997e-07	4.56518e-07	-1.37754e-06	5.65539e-07	1.28472e-07	-1.43706e-07	
-0.22644	2.11376e-06	-9.6371e-07	-8.1909e-07	4.74036e-07	-1.42307e-06	5.85101e-07	1.32934e-07	-1.48616e-07	
-0.226041	2.18778e-06	-9.98387e-07	-8.51406e-07	4.92229e-07	-1.47014e-06	6.05349e-07	1.37552e-07	-1.53696e-07	
-0.225642	2.26445e-06	-1.03433e-06	-8.84991e-07	5.11121e-07	-1.51882e-06	6.26308e-07	1.42331e-07	-1.58952e-07	
-0.225242	2.34387e-06	-1.07158e-06	-9.19897e-07	5.30741e-07	-1.56915e-06	6.48002e-07	1.47277e-07	-1.64388e-07	
-0.224841	2.42613e-06	-1.11018e-06	-9.56174e-07	5.51117e-07	-1.62119e-06	6.70458e-07	1.52395e-07	-1.70013e-07	
-0.22444	2.51134e-06	-1.1502e-06	-9.93876e-07	5.72277e-07	-1.67501e-06	6.93703e-07	1.57692e-07	-1.75831e-07	
-0.224039	2.59961e-06	-1.19167e-06	-1.03306e-06	5.94252e-07	-1.73066e-06	7.17765e-07	1.63173e-07	-1.81851e-07	
-0.223637	2.69105e-06	-1.23466e-06	-1.07378e-06	6.17073e-07	-1.78821e-06	7.42673e-07	1.68846e-07	-1.88079e-07	
-0.223234	2.78577e-06	-1.27921e-06	-1.1161e-06	6.40774e-07	-1.84773e-06	7.68458e-07	1.74717e-07	-1.94522e-07	
-0.222831	2.8839e-06	-1.32539e-06	-1.16009e-06	6.65387e-07	-1.90928e-06	7.9515e-07	1.80793e-07	-2.01188e-07	
-0.222428	2.98556e-06	-1.37326e-06	-1.2058e-06	6.90948e-07	-1.97293e-06	8.22782e-07	1.8708e-07	-2.08084e-07	
-0.222024	3.09087e-06	-1.42288e-06	-1.25331e-06	7.17494e-07	-2.03876e-06	8.51387e-07	1.93588e-07	-2.15219e-07	
-0.22162	3.19997e-06	-1.47431e-06	-1.30268e-06	7.45063e-07	-2.10684e-06	8.81001e-07	2.00323e-07	-2.22602e-07	
-0.221215	3.313e-06	-1.52762e-06	-1.35399e-06	7.73694e-07	-2.17726e-06	9.11659e-07	2.07293e-07	-2.3024e-07	
-0.22081	3.43011e-06	-1.58288e-06	-1.40731e-06	8.03428e-07	-2.25009e-06	9.43399e-07	2.14507e-07	-2.38143e-07	
-0.220404	3.55143e-06	-1.64016e-06	-1.46273e-06	8.34308e-07	-2.32542e-06	9.76258e-07	2.21973e-07	-2.46319e-07	
-0.219998	3.67714e-06	-1.69954e-06	-1.52032e-06	8.66378e-07	-2.40333e-06	1.01028e-06	2.297e-07	-2.5478e-07	
-0.219591	3.80737e-06	-1.76109e-06	-1.58017e-06	8.99685e-07	-2.48392e-06	1.0455e-06	2.37698e-07	-2.63533e-07	
-0.219184	3.94232e-06	-1.8249e-06	-1.64237e-06	9.34275e-07	-2.56728e-06	1.08197e-06	2.45975e-07	-2.72591e-07	
-0.218777	4.08213e-06	-1.89105e-06	-1.70701e-06	9.70198e-07	-2.65351e-06	1.11972e-06	2.54542e-07	-2.81963e-07	
-0.218369	4.227e-06	-1.95962e-06	-1.77419e-06	1.00751e-06	-2.74271e-06	1.15881e-06	2.63409e-07	-2.9166e-07	
-0.217961	4.37711e-06	-2.0307e-06	-1.844e-06	1.04625e-06	-2.83497e-06	1.19929e-06	2.72586e-07	-3.01695e-07	
-0.217552	4.53265e-06	-2.10439e-06	-1.91655e-06	1.08649e-06	-2.93042e-06	1.24119e-06	2.82085e-07	-3.12078e-07	
-0.217143	4.69382e-06	-2.18078e-06	-1.99195e-06	1.12828e-06	-3.02916e-06	1.28459e-06	2.91917e-07	-3.22821e-07	
-0.216734	4.86082e-06	-2.25998e-06	-2.0703e-06	1.17169e-06	-3.1313e-06	1.32952e-06	3.02093e-07	-3.33939e-07	
-0.216324	5.03388e-06	-2.34209e-06	-2.15173e-06	1.21677e-06	-3.23698e-06	1.37604e-06	3.12625e-07	-3.45444e-07	
-0.215913	5.21321e-06	-2.42721e-06	-2.23635e-06	1.26358e-06	-3.3463e-06	1.42421e-06	3.23527e-07	-3.57348e-07	
-0.215503	5.39904e-06	-2.51546e-06	-2.32429e-06	1.3122e-06	-3.4594e-06	1.47409e-06	3.34811e-07	-3.69668e-07	
-0.215091	5.59162e-06	-2.60695e-06	-2.41568e-06	1.3627e-06	-3.57642e-06	1.52574e-06	3.46491e-07	-3.82416e-07	
-0.21468	5.79119e-06	-2.7018e-06	-2.51065e-06	1.41514e-06	-3.69748e-06	1.57923e-06	3.58581e-07	-3.95609e-07	
-0.214268	5.998e-06	-2.80015e-06	-2.60934e-06	1.46961e-06	-3.82274e-06	1.63461e-06	3.71095e-07	-4.09261e-07	
-0.213856	6.21233e-06	-2.90211e-06	-2.7119e-06	1.52618e-06	-3.95234e-06	1.69197e-06	3.84048e-07	-4.23389e-07	
-0.213443	6.43445e-06	-3.00782e-06	-2.81848e-06	1.58493e-06	-4.08643e-06	1.75136e-06	3.97456e-07	-4.3801e-07	
-0.21303	6.66465e-06	-3.11743e-06	-2.92924e-06	1.64595e-06	-4.22518e-06	1.81287e-06	4.11335e-07	-4.53142e-07	
-0.212616	6.90323e-06	-3.23107e-06	-3.04433e-06	1.70932e-06	-4.36875e-06	1.87656e-06	4.25702e-07	-4.68801e-07	
-0.212202	7.15049e-06	-3.34889e-06	-3.16394e-06	1.77514e-06	-4.5173e-06	1.94252e-06	4.40573e-07	-4.85008e-07	
-0.211788	7.40676e-06	-3.47106e-06	-3.28824e-06	1.84349e-06	-4.67102e-06	2.01083e-06	4.55967e-07	-5.0178e-07	
-0.211374	7.67236e-06	-3.59773e-06	-3.4174e-06	1.91449e-06	-4.83008e-06	2.08158e-06	4.71902e-07	-5.19139e-07	
-0.210959	7.94764e-06	-3.72907e-06	-3.55163e-06	1.98823e-06	-4.99468e-06	2.15485e-06	4.88398e-07	-5.37104e-07	
-0.210543	8.23296e-06	-3.86526e-06	-3.69112e-06	2.06481e-06	-5.16502e-06	2.23073e-06	5.05474e-07	-5.55698e-07	
-0.210128	8.5287e-06	-4.00647e-06	-3.83607e-06	2.14434e-06	-5.34129e-06	2.30932e-06	5.23151e-07	-5.74942e-07	
-0.209712	8.83522e-06	-4.15289e-06	-3.98669e-06	2.22695e-06	-5.5237e-06	2.39071e-06	5.41451e-07	-5.94859e-07	
-0.209295	9.15294e-06	-4.30472e-06	-4.14322e-06	2.31275e-06	-5.71249e-06	2.47501e-06	5.60394e-07	-6.15474e-07	
-0.208878	9.48227e-06	-4.46215e-06	-4.30587e-06	2.40185e-06	-5.90786e-06	2.56232e-06	5.80005e-07	-6.36811e-07	
-0.208461	9.82363e-06	-4.6254e-06	-4.4749e-06	2.4944e-06	-6.11006e-06	2.65275e-06	6.00306e-07	-6.58895e-07	
-0.208044	1.01775e-05	-4.79469e-06	-4.65055e-06	2.59052e-06	-6.31932e-06	2.74641e-06	6.21323e-07	-6.81753e-07	
-0.207626	1.05443e-05	-4.97023e-06	-4.83307e-06	2.69036e-06	-6.5359e-06	2.84343e-06	6.43081e-07	-7.05413e-07	
-0.207208	1.09245e-05	-5.15226e-06	-5.02274e-06	2.79404e-06	-6.76007e-06	2.94391e-06	6.65605e-07	-7.29903e-07	
-0.206789	1.13186e-05	-5.34102e-06	-5.21984e-06	2.90174e-06	-6.99208e-06	3.048e-06	6.88924e-07	-7.55252e-07	
-0.20637	1.17271e-05	-5.53677e-06	-5.42465e-06	3.01359e-06	-7.23222e-06	3.1558e-06	7.13066e-07	-7.81491e-07	
-0.205951	1.21507e-05	-5.73976e-06	-5.63748e-06	3.12976e-06	-7.48077e-06	3.26748e-06	7.3806e-07	-8.08651e-07	
-0.205532	1.25897e-05	-5.95026e-06	-5.85864e-06	3.25041e-06	-7.73805e-06	3.38315e-06	7.63936e-07	-8.36765e-07	
-0.205112	1.30449e-05	-6.16856e-06	-6.08846e-06	3.37573e-06	-8.00435e-06	3.50297e-06	7.90725e-07	-8.65867e-07	
-0.204691	1.35167e-05	-6.39495e-06	-6.32727e-06	3.50589e-06	-8.28001e-06	3.62709e-06	8.18461e-07	-8.95992e-07	
-0.204271	1.40059e-05	-6.62972e-06	-6.57543e-06	3.64107e-06	-8.56535e-06	3.75566e-06	8.47177e-07	-9.27176e-07	
-0.20385	1.4513e-05	-6.8732e-06	-6.83331e-06	3.78148e-06	-8.86072e-06	3.88885e-06	8.76907e-07	-9.59457e-07	
-0.203429	1.50387e-05	-7.1257e-06	-7.10127e-06	3.92731e-06	-9.16648e-06	4.02682e-06	9.07688e-07	-9.92875e-07	
-0.203007	1.55838e-05	-7.38757e-06	-7.37972e-06	4.07877e-06	-9.483e-06	4.16975e-06	9.39558e-07	-1.02747e-06	
-0.202586	1.61489e-05	-7.65915e-06	-7.66906e-06	4.23609e-06	-9.81067e-06	4.31782e-06	9.72555e-07	-1.06328e-06	
-0.202164	1.67348e-05	-7.94081e-06	-7.96973e-06	4.39948e-06	-1.01499e-05	4.47121e-06	1.00672e-06	-1.10035e-06	
-0.201741	1.73422e-05	-8.23292e-06	-8.28215e-06	4.56919e-06	-1.0501e-05	4.63012e-06	1.04209e-06	-1.13874e-06	
-0.201318	1.7972e-05	-8.53588e-06	-8.6068e-06	4.74546e-06	-1.08646e-05	4.79474e-06	1.07872e-06	-1.17847e-06	
-0.200895	1.86249e-05	-8.85009e-06	-8.94415e-06	4.92853e-06	-1.1241e-05	4.96529e-06	1.11664e-06	-1.2196e-06	
-0.200472	1.93019e-05	-9.17597e-06	-9.2947e-06	5.11868e-06	-1.16307e-05	5.14199e-06	1.15591e-06	-1.26219e-06	
-0.200048	2.00039e-05	-9.51396e-06	-9.65896e-06	5.31618e-06	-1.20341e-05	5.32505e-06	1.19657e-06	-1.30628e-06	
-0.199624	2.07317e-05	-9.86451e-06	-1.00375e-05	5.52132e-06	-1.24518e-05	5.5147e-06	1.23866e-06	-1.35193e-06	
-0.1992	2.14863e-05	-1.02281e-05	-1.04308e-05	5.73438e-06	-1.28843e-05	5.7112e-06	1.28226e-06	-1.39919e-06	
-0.198776	2.22688e-05	-1.06052e-05	-1.08395e-05	5.95567e-06	-1.3332e-05	5.91478e-06	1.32739e-06	-1.44812e-06	
-0.198351	2.30802e-05	-1.09963e-05	-1.12641e-05	6.18552e-06	-1.37957e-05	6.12571e-06	1.37413e-06	-1.49877e-06	
-0.197926	2.39215e-05	-1.1402e-05	-1.17054e-05	6.42426e-06	-1.42757e-05	6.34425e-06	1.42253e-06	-1.55122e-06	
-0.1975	2.47938e-05	-1.18228e-05	-1.21639e-05	6.67222e-06	-1.47728e-05	6.57068e-06	1.47264e-06	-1.60553e-06	
-0.197075	2.56984e-05	-1.22593e-05	-1.26404e-05	6.92977e-06	-1.52875e-05	6.8053e-06	1.52454e-06	-1.66176e-06	
-0.196649	2.66364e-05	-1.2712e-05	-1.31355e-05	7.19727e-06	-1.58204e-05	7.04839e-06	1.57828e-06	-1.71998e-06	
-0.196223	2.7609e-05	-1.31816e-05	-1.36499e-05	7.47512e-06	-1.63723e-05	7.30027e-06	1.63392e-06	-1.78026e-06	
-0.195796	2.86176e-05	-1.36686e-05	-1.41845e-05	7.76371e-06	-1.69438e-05	7.56126e-06	1.69155e-06	-1.84267e-06	
-0.195369	2.96636e-05	-1.41739e-05	-1.47399e-05	8.06345e-06	-1.75356e-05	7.8317e-06	1.75122e-06	-1.9073e-06	
-0.194942	3.07482e-05	-1.46979e-05	-1.53171e-05	8.37479e-06	-1.81484e-05	8.11192e-06	1.81302e-06	-1.97422e-06	
-0.194515	3.18729e-05	-1.52415e-05	-1.59168e-05	8.69816e-06	-1.8783e-05	8.40228e-06	1.87701e-06	-2.04351e-06	
-0.194087	3.30394e-05	-1.58054e-05	-1.654e-05	9.03404e-06	-1.94402e-05	8.70317e-06	1.94328e-06	-2.11526e-06	
-0.193659	3.4249e-05	-1.63903e-05	-1.71875e-05	9.38291e-06	-2.01208e-05	9.01496e-06	2.01191e-06	-2.18956e-06	
-0.193231	3.55034e-05	-1.69971e-05	-1.78604e-05	9.74527e-06	-2.08256e-05	9.33805e-06	2.08299e-06	-2.26649e-06	
-0.192803	3.68043e-05	-1.76265e-05	-1.85595e-05	1.01216e-05	-2.15556e-05	9.67285e-06	2.1566e-06	-2.34616e-06	
-0.192374	3.81534e-05	-1.82794e-05	-1.92859e-05	1.05126e-05	-2.23116e-05	1.00198e-05	2.23282e-06	-2.42866e-06	
-0.191945	3.95526e-05	-1.89566e-05	-2.00408e-05	1.09186e-05	-2.30946e-05	1.03793e-05	2.31177e-06	-2.5141e-06	
-0.191516	4.10037e-05	-1.96592e-05	-2.08251e-05	1.13404e-05	-2.39055e-05	1.07519e-05	2.39353e-06	-2.60257e-06	
-0.191087	4.25086e-05	-2.0388e-05	-2.16401e-05	1.17784e-05	-2.47453e-05	1.11381e-05	2.4782e-06	-2.69418e-06	
-0.190657	4.40694e-05	-2.11441e-05	-2.24869e-05	1.22334e-05	-2.56152e-05	1.15382e-05	2.5659e-06	-2.78906e-06	
-0.190227	4.56881e-05	-2.19284e-05	-2.33668e-05	1.27061e-05	-2.65162e-05	1.19529e-05	2.65673e-06	-2.88732e-06	
-0.189797	4.7367e-05	-2.27421e-05	-2.4281e-05	1.3197e-05	-2.74494e-05	1.23827e-05	2.7508e-06	-2.98907e-06	
-0.189366	4.91083e-05	-2.35862e-05	-2.5231e-05	1.37068e-05	-2.8416e-05	1.28281e-05	2.84822e-06	-3.09445e-06	
-0.188936	5.09143e-05	-2.44619e-05	-2.62181e-05	1.42364e-05	-2.94172e-05	1.32897e-05	2.94913e-06	-3.20359e-06	
-0.188505	5.27874e-05	-2.53703e-05	-2.72438e-05	1.47865e-05	-3.04543e-05	1.37681e-05	3.05364e-06	-3.31662e-06	
-0.188074	5.47302e-05	-2.63128e-05	-2.83095e-05	1.53579e-05	-3.15285e-05	1.42639e-05	3.16189e-06	-3.43367e-06	
-0.187642	5.67453e-05	-2.72905e-05	-2.94169e-05	1.59514e-05	-3.26412e-05	1.47778e-05	3.27401e-06	-3.55491e-06	
-0.187211	5.88353e-05	-2.83049e-05	-3.05675e-05	1.65679e-05	-3.37939e-05	1.53104e-05	3.39014e-06	-3.68047e-06	
-0.186779	6.10032e-05	-2.93572e-05	-3.1763e-05	1.72082e-05	-3.49879e-05	1.58624e-05	3.51042e-06	-3.81051e-06	
-0.186347	6.32518e-05	-3.0449e-05	-3.30052e-05	1.78733e-05	-3.62248e-05	1.64345e-05	3.63501e-06	-3.9452e-06	
-0.185914	6.55841e-05	-3.15817e-05	-3.4296e-05	1.85641e-05	-3.75061e-05	1.70275e-05	3.76405e-06	-4.08471e-06	
-0.185482	6.80034e-05	-3.27568e-05	-3.56371e-05	1.92816e-05	-3.88334e-05	1.76422e-05	3.89772e-06	-4.22919e-06	
-0.185049	7.05128e-05	-3.3976e-05	-3.70306e-05	2.00269e-05	-4.02085e-05	1.82792e-05	4.03618e-06	-4.37885e-06	
-0.184616	7.31158e-05	-3.5241e-05	-3.84786e-05	2.08011e-05	-4.1633e-05	1.89396e-05	4.17959e-06	-4.53386e-06	
-0.184183	7.58159e-05	-3.65533e-05	-3.9983e-05	2.16052e-05	-4.31088e-05	1.9624e-05	4.32815e-06	-4.69441e-06	
-0.183749	7.86166e-05	-3.7915e-05	-4.15462e-05	2.24405e-05	-4.46377e-05	2.03335e-05	4.48204e-06	-4.86072e-06	
-0.183316	8.15219e-05	-3.93277e-05	-4.31705e-05	2.3308e-05	-4.62217e-05	2.10689e-05	4.64144e-06	-5.03297e-06	
-0.182882	8.45357e-05	-4.07934e-05	-4.48581e-05	2.42092e-05	-4.78628e-05	2.18311e-05	4.80656e-06	-5.2114e-06	
-0.182447	8.76619e-05	-4.23142e-05	-4.66117e-05	2.51452e-05	-4.9563e-05	2.26213e-05	4.97761e-06	-5.39622e-06	
-0.182013	9.09049e-05	-4.38921e-05	-4.84337e-05	2.61175e-05	-5.13245e-05	2.34403e-05	5.1548e-06	-5.58767e-06	
-0.181579	9.42691e-05	-4.55292e-05	-5.03268e-05	2.71274e-05	-5.31497e-05	2.42894e-05	5.33836e-06	-5.78598e-06	
-0.181144	9.77589e-05	-4.72279e-05	-5.22938e-05	2.81763e-05	-5.50406e-05	2.51695e-05	5.5285e-06	-5.99141e-06	
-0.180709	0.000101379	-4.89903e-05	-5.43376e-05	2.92659e-05	-5.69999e-05	2.60818e-05	5.72548e-06	-6.20421e-06	
-0.180274	0.000105135	-5.08191e-05	-5.64612e-05	3.03977e-05	-5.903e-05	2.70276e-05	5.92954e-06	-6.42465e-06	
-0.179838	0.000109031	-5.27165e-05	-5.86677e-05	3.15733e-05	-6.11334e-05	2.80081e-05	6.14094e-06	-6.65301e-06	
-0.179403	0.000113073	-5.46854e-05	-6.09602e-05	3.27944e-05	-6.3313e-05	2.90244e-05	6.35994e-06	-6.88957e-06	
-0.178967	0.000117266	-5.67282e-05	-6.33423e-05	3.40628e-05	-6.55713e-05	3.00781e-05	6.58682e-06	-7.13463e-06	
-0.178531	0.000121616	-5.8848e-05	-6.58173e-05	3.53803e-05	-6.79114e-05	3.11704e-05	6.82187e-06	-7.3885e-06	
-0.178095	0.000126129	-6.10474e-05	-6.83889e-05	3.67487e-05	-7.03363e-05	3.23028e-05	7.06538e-06	-7.65151e-06	
-0.177658	0.000130811	-6.33297e-05	-7.10609e-05	3.81702e-05	-7.28489e-05	3.34767e-05	7.31766e-06	-7.92397e-06	
-0.177222	0.000135668	-6.56979e-05	-7.38371e-05	3.96467e-05	-7.54527e-05	3.46938e-05	7.57903e-06	-8.20624e-06	
-0.176785	0.000140707	-6.81552e-05	-7.67217e-05	4.11804e-05	-7.81508e-05	3.59555e-05	7.84981e-06	-8.49867e-06	
-0.176348	0.000145936	-7.0705e-05	-7.97188e-05	4.27735e-05	-8.09468e-05	3.72636e-05	8.13036e-06	-8.80164e-06	
-0.175911	0.00015136	-7.33509e-05	-8.28329e-05	4.44283e-05	-8.38443e-05	3.86199e-05	8.42103e-06	-9.11552e-06	
-0.175473	0.000156987	-7.60965e-05	-8.60684e-05	4.61471e-05	-8.68469e-05	4.00259e-05	8.72218e-06	-9.44072e-06	
-0.175036	0.000162826	-7.89456e-05	-8.94302e-05	4.79325e-05	-8.99585e-05	4.14837e-05	9.0342e-06	-9.77764e-06	
-0.174598	0.000168883	-8.1902e-05	-9.29232e-05	4.97871e-05	-9.31833e-05	4.29951e-05	9.35748e-06	-1.01267e-05	
-0.17416	0.000175168	-8.49699e-05	-9.65525e-05	5.17135e-05	-9.65252e-05	4.45621e-05	9.69243e-06	-1.04884e-05	
-0.173722	0.000181689	-8.81534e-05	-0.000100323	5.37144e-05	-9.99886e-05	4.61869e-05	1.00395e-05	-1.08631e-05	
-0.173283	0.000188455	-9.1457e-05	-0.000104241	5.57929e-05	-0.000103578	4.78714e-05	1.03991e-05	-1.12513e-05	
-0.172845	0.000195475	-9.48852e-05	-0.000108312	5.79519e-05	-0.000107298	4.9618e-05	1.07717e-05	-1.16536e-05	
-0.172406	0.000202758	-9.84427e-05	-0.000112542	6.01945e-05	-0.000111154	5.1429e-05	1.11577e-05	-1.20704e-05	
-0.171967	0.000210315	-0.000102135	-0.000116936	6.2524e-05	-0.000115149	5.33067e-05	1.15577e-05	-1.25023e-05	
-0.171528	0.000218156	-0.000105966	-0.000121502	6.49436e-05	-0.000119291	5.52537e-05	1.19722e-05	-1.29498e-05	
-0.171089	0.000226292	-0.000109941	-0.000126246	6.74571e-05	-0.000123583	5.72724e-05	1.24017e-05	-1.34134e-05	
-0.17065	0.000234734	-0.000114067	-0.000131175	7.00678e-05	-0.000128032	5.93657e-05	1.28467e-05	-1.38939e-05	
-0.17021	0.000243493	-0.000118349	-0.000136297	7.27797e-05	-0.000132644	6.15362e-05	1.33079e-05	-1.43917e-05	
-0.16977	0.000252582	-0.000122792	-0.000141618	7.55967e-05	-0.000137423	6.37868e-05	1.37857e-05	-1.49076e-05	
-0.16933	0.000262013	-0.000127403	-0.000147146	7.85228e-05	-0.000142377	6.61205e-05	1.42809e-05	-1.54421e-05	
-0.16889	0.000271798	-0.000132189	-0.000152891	8.15622e-05	-0.000147512	6.85405e-05	1.4794e-05	-1.5996e-05	
-0.16845	0.000281952	-0.000137155	-0.000158859	8.47194e-05	-0.000152834	7.10498e-05	1.53257e-05	-1.657e-05	
-0.16801	0.000292488	-0.000142309	-0.00016506	8.79989e-05	-0.000158351	7.36519e-05	1.58767e-05	-1.71648e-05	
-0.167569	0.000303421	-0.000147658	-0.000171503	9.14055e-05	-0.00016407	7.63502e-05	1.64477e-05	-1.77812e-05	
-0.167128	0.000314766	-0.000153209	-0.000178197	9.4944e-05	-0.000169998	7.91483e-05	1.70394e-05	-1.84199e-05	
-0.166687	0.000326539	-0.00015897	-0.000185152	9.86196e-05	-0.000176143	8.20499e-05	1.76526e-05	-1.90818e-05	
-0.166246	0.000338754	-0.000164949	-0.000192378	0.000102438	-0.000182513	8.50589e-05	1.8288e-05	-1.97678e-05	
-0.165805	0.000351431	-0.000171154	-0.000199886	0.000106404	-0.000189116	8.81792e-05	1.89466e-05	-2.04786e-05	
-0.165364	0.000364585	-0.000177594	-0.000207687	0.000110523	-0.00019596	9.14151e-05	1.9629e-05	-2.12153e-05	
-0.164922	0.000378236	-0.000184278	-0.000215792	0.000114803	-0.000203056	9.47708e-05	2.03363e-05	-2.19787e-05	
-0.16448	0.000392401	-0.000191215	-0.000224213	0.000119248	-0.000210412	9.82509e-05	2.10693e-05	-2.27699e-05	
-0.164038	0.0004071	-0.000198414	-0.000232962	0.000123865	-0.000218037	0.00010186	2.18289e-05	-2.35899e-05	
-0.163596	0.000422355	-0.000205886	-0.000242052	0.000128661	-0.000225943	0.000105603	2.26162e-05	-2.44397e-05	
-0.163154	0.000438185	-0.000213641	-0.000251497	0.000133643	-0.000234138	0.000109484	2.34321e-05	-2.53205e-05	
-0.162712	0.000454612	-0.00022169	-0.00026131	0.000138819	-0.000242634	0.00011351	2.42777e-05	-2.62333e-05	
-0.162269	0.00047166	-0.000230044	-0.000271505	0.000144194	-0.000251443	0.000117685	2.51541e-05	-2.71793e-05	
-0.161827	0.000489352	-0.000238714	-0.000282098	0.000149778	-0.000260575	0.000122014	2.60624e-05	-2.81598e-05	
-0.161384	0.000507712	-0.000247713	-0.000293104	0.000155579	-0.000270042	0.000126505	2.70039e-05	-2.9176e-05	
-0.160941	0.000526766	-0.000257053	-0.000304538	0.000161604	-0.000279858	0.000131162	2.79796e-05	-3.02293e-05	
-0.160498	0.000546539	-0.000266747	-0.000316419	0.000167863	-0.000290034	0.000135992	2.89909e-05	-3.1321e-05	
-0.160055	0.000567061	-0.000276808	-0.000328763	0.000174364	-0.000300585	0.000141002	3.00391e-05	-3.24525e-05	
-0.159611	0.000588357	-0.000287251	-0.000341587	0.000181118	-0.000311524	0.000146198	3.11256e-05	-3.36253e-05	
-0.159168	0.00061046	-0.000298091	-0.000354912	0.000188133	-0.000322866	0.000151587	3.22517e-05	-3.48408e-05	
-0.158724	0.000633398	-0.000309341	-0.000368756	0.00019542	-0.000334626	0.000157176	3.34189e-05	-3.61008e-05	
-0.15828	0.000657203	-0.000321019	-0.000383139	0.000202989	-0.000346819	0.000162974	3.46287e-05	-3.74068e-05	
-0.157836	0.00068191	-0.000333139	-0.000398083	0.000210852	-0.000359461	0.000168986	3.58827e-05	-3.87605e-05	
-0.157392	0.000707551	-0.00034572	-0.00041361	0.000219019	-0.000372569	0.000175223	3.71825e-05	-4.01637e-05	
-0.156948	0.000734163	-0.000358778	-0.000429741	0.000227504	-0.000386161	0.000181692	3.85298e-05	-4.16182e-05	
-0.156503	0.000761782	-0.000372332	-0.000446501	0.000236317	-0.000400254	0.000188402	3.99264e-05	-4.31258e-05	
-0.156059	0.000790447	-0.000386401	-0.000463914	0.000245471	-0.000414868	0.000195361	4.1374e-05	-4.46886e-05	
-0.155614	0.000820197	-0.000401004	-0.000482006	0.000254981	-0.00043002	0.00020258	4.28746e-05	-4.63087e-05	
-0.155169	0.000851074	-0.000416162	-0.000500803	0.000264859	-0.000445732	0.000210067	4.44301e-05	-4.7988e-05	
-0.154725	0.000883122	-0.000431895	-0.000520333	0.00027512	-0.000462025	0.000217834	4.60426e-05	-4.97288e-05	
-0.15428	0.000916383	-0.000448227	-0.000540623	0.000285779	-0.00047892	0.00022589	4.77141e-05	-5.15333e-05	
-0.153834	0.000950905	-0.000465179	-0.000561704	0.000296851	-0.000496439	0.000234247	4.94467e-05	-5.3404e-05	
-0.153389	0.000986735	-0.000482776	-0.000583606	0.000308353	-0.000514606	0.000242916	5.12429e-05	-5.53433e-05	
-0.152944	0.00102392	-0.000501041	-0.000606362	0.0003203	-0.000533445	0.000251907	5.31049e-05	-5.73536e-05	
-0.152498	0.00106252	-0.000520001	-0.000630004	0.000332711	-0.000552981	0.000261235	5.50352e-05	-5.94377e-05	
-0.152052	0.00110259	-0.000539682	-0.000654568	0.000345602	-0.00057324	0.00027091	5.70362e-05	-6.15982e-05	
-0.151607	0.00114417	-0.000560111	-0.000680088	0.000358994	-0.000594249	0.000280947	5.91106e-05	-6.38381e-05	
-0.151161	0.00118733	-0.000581317	-0.000706603	0.000372904	-0.000616036	0.000291358	6.12611e-05	-6.61601e-05	
-0.150715	0.00123213	-0.000603331	-0.000734151	0.000387354	-0.00063863	0.000302159	6.34906e-05	-6.85674e-05	
-0.150268	0.00127862	-0.000626181	-0.000762772	0.000402365	-0.000662061	0.000313363	6.58019e-05	-7.10632e-05	
-0.149822	0.00132689	-0.000649902	-0.000792508	0.000417957	-0.000686362	0.000324986	6.81981e-05	-7.36506e-05	
-0.149376	0.00137698	-0.000674525	-0.000823402	0.000434154	-0.000711563	0.000337043	7.06822e-05	-7.63331e-05	
-0.148929	0.00142898	-0.000700085	-0.0008555	0.000450979	-0.000737698	0.000349551	7.32577e-05	-7.91143e-05	
-0.148482	0.00148295	-0.000726619	-0.000888848	0.000468456	-0.000764804	0.000362527	7.59278e-05	-8.19978e-05	
-0.148036	0.00153898	-0.000754162	-0.000923496	0.000486611	-0.000792916	0.000375988	7.86961e-05	-8.49873e-05	
-0.147589	0.00159713	-0.000782755	-0.000959493	0.00050547	-0.000822071	0.000389953	8.15662e-05	-8.80868e-05	
-0.147142	0.00165749	-0.000812437	-0.000996892	0.000525061	-0.000852309	0.00040444	8.45418e-05	-9.13004e-05	
-0.146695	0.00172014	-0.000843249	-0.00103575	0.000545411	-0.00088367	0.00041947	8.7627e-05	-9.46324e-05	
-0.146247	0.00178518	-0.000875235	-0.00107612	0.00056655	-0.000916196	0.000435063	9.08257e-05	-9.80871e-05	
-0.1458	0.00185268	-0.00090844	-0.00111806	0.000588509	-0.000949932	0.000451239	9.41421e-05	-0.000101669	
-0.145352	0.00192276	-0.00094291	-0.00116164	0.000611319	-0.000984921	0.000468022	9.75807e-05	-0.000105383	
-0.144905	0.0019955	-0.000978694	-0.00120691	0.000635014	-0.00102121	0.000485433	0.000101146	-0.000109234	
-0.144457	0.002071	-0.00101584	-0.00125394	0.000659628	-0.00105885	0.000503497	0.000104843	-0.000113227	
-0.144009	0.00214938	-0.00105441	-0.00130281	0.000685197	-0.0010979	0.000522238	0.000108676	-0.000117367	
-0.143561	0.00223074	-0.00109444	-0.00135358	0.000711757	-0.00113839	0.000541682	0.00011265	-0.00012166	
-0.143113	0.0023152	-0.001136	-0.00140633	0.000739347	-0.00118039	0.000561855	0.00011677	-0.000126111	
-0.142665	0.00240287	-0.00117915	-0.00146114	0.000768008	-0.00122396	0.000582784	0.000121043	-0.000130727	
-0.142217	0.00249388	-0.00122394	-0.00151807	0.00079778	-0.00126915	0.000604499	0.000125474	-0.000135513	
-0.141769	0.00258835	-0.00127044	-0.00157723	0.000828706	-0.00131602	0.000627029	0.000130068	-0.000140476	
-0.14132	0.00268641	-0.00131871	-0.00163869	0.000860832	-0.00136465	0.000650405	0.000134831	-0.000145622	
-0.140872	0.00278822	-0.00136883	-0.00170254	0.000894205	-0.00141508	0.000674658	0.000139771	-0.000150959	
-0.140423	0.0028939	-0.00142086	-0.00176888	0.000928871	-0.00146739	0.000699821	0.000144893	-0.000156493	
-0.139974	0.0030036	-0.00147487	-0.0018378	0.000964882	-0.00152166	0.00072593	0.000150204	-0.000162231	
-0.139525	0.00311749	-0.00153095	-0.0019094	0.00100229	-0.00157795	0.00075302	0.000155711	-0.000168182	
-0.139076	0.00323571	-0.00158917	-0.0019838	0.00104115	-0.00163635	0.000781128	0.000161422	-0.000174353	
-0.138627	0.00335844	-0.00164961	-0.00206109	0.00108152	-0.00169692	0.000810292	0.000167345	-0.000180753	
-0.138178	0.00348585	-0.00171236	-0.00214139	0.00112345	-0.00175975	0.000840552	0.000173486	-0.000187389	
-0.137729	0.00361811	-0.0017775	-0.00222482	0.00116701	-0.00182494	0.000871951	0.000179855	-0.000194271	
-0.137279	0.00375542	-0.00184513	-0.00231149	0.00121225	-0.00189255	0.00090453	0.000186459	-0.000201408	
-0.13683	0.00389796	-0.00191535	-0.00240154	0.00125926	-0.0019627	0.000938334	0.000193308	-0.00020881	
-0.13638	0.00404593	-0.00198825	-0.0024951	0.00130808	-0.00203546	0.00097341	0.00020041	-0.000216486	
-0.135931	0.00419955	-0.00206393	-0.0025923	0.00135881	-0.00211095	0.00100981	0.000207775	-0.000224446	
-0.135481	0.00435903	-0.00214251	-0.00269328	0.00141149	-0.00218926	0.00104757	0.000215414	-0.000232702	
-0.135031	0.0045246	-0.00222408	-0.0027982	0.00146623	-0.0022705	0.00108676	0.000223335	-0.000241264	
-0.134581	0.00469648	-0.00230878	-0.0029072	0.00152308	-0.00235478	0.00112742	0.00023155	-0.000250143	
-0.134131	0.00487492	-0.00239671	-0.00302044	0.00158214	-0.00244222	0.00116962	0.00024007	-0.000259352	
-0.133681	0.00506017	-0.00248801	-0.0031381	0.0016435	-0.00253293	0.0012134	0.000248905	-0.000268903	
-0.133231	0.00525249	-0.00258279	-0.00326033	0.00170723	-0.00262704	0.00125883	0.000258069	-0.000278809	
-0.13278	0.00545215	-0.0026812	-0.00338732	0.00177343	-0.00272467	0.00130598	0.000267572	-0.000289083	
-0.13233	0.00565944	-0.00278338	-0.00351926	0.00184221	-0.00282596	0.0013549	0.000277428	-0.000299738	
-0.131879	0.00587464	-0.00288946	-0.00365633	0.00191365	-0.00293104	0.00140567	0.00028765	-0.00031079	
-0.131429	0.00609806	-0.0029996	-0.00379874	0.00198786	-0.00304006	0.00145835	0.000298252	-0.000322252	
-0.130978	0.00633001	-0.00311395	-0.00394669	0.00206496	-0.00315318	0.00151301	0.000309247	-0.00033414	
-0.130527	0.00657082	-0.00323268	-0.00410041	0.00214504	-0.00327053	0.00156974	0.000320651	-0.000346471	
-0.130077	0.00682084	-0.00335594	-0.0042601	0.00222823	-0.00339228	0.00162861	0.000332479	-0.00035926	
-0.129626	0.0070804	-0.00348393	-0.00442602	0.00231465	-0.00351861	0.0016897	0.000344746	-0.000372525	
-0.129175	0.00734988	-0.00361682	-0.00459839	0.00240442	-0.00364967	0.00175309	0.00035747	-0.000386284	
-0.128724	0.00762967	-0.00375479	-0.00477747	0.00249768	-0.00378566	0.00181888	0.000370667	-0.000400556	
-0.128272	0.00792014	-0.00389804	-0.00496352	0.00259455	-0.00392675	0.00188715	0.000384354	-0.000415358	
-0.127821	0.00822172	-0.00404677	-0.00515681	0.00269519	-0.00407313	0.001958	0.000398551	-0.000430712	
-0.12737	0.00853483	-0.0042012	-0.00535763	0.00279972	-0.00422502	0.00203152	0.000413277	-0.000446639	
-0.126918	0.00885992	-0.00436154	-0.00556627	0.00290832	-0.00438261	0.00210782	0.00042855	-0.000463158	
-0.126467	0.00919743	-0.00452803	-0.00578302	0.00302112	-0.00454613	0.00218701	0.000444392	-0.000480294	
-0.126015	0.00954785	-0.00470088	-0.00600822	0.00313831	-0.00471579	0.00226918	0.000460825	-0.000498068	
-0.125564	0.00991168	-0.00488036	-0.00624217	0.00326004	-0.00489183	0.00235446	0.000477869	-0.000516506	
-0.125112	0.0102894	-0.00506672	-0.00648524	0.00338649	-0.00507449	0.00244296	0.000495549	-0.000535631	
-0.12466	0.0106816	-0.00526021	-0.00673776	0.00351786	-0.00526401	0.00253481	0.000513887	-0.00055547	
-0.124208	0.0110888	-0.00546111	-0.00700011	0.00365432	-0.00546067	0.00263013	0.00053291	-0.000576049	
-0.123756	0.0115116	-0.00566971	-0.00727268	0.00379607	-0.00566473	0.00272906	0.000552641	-0.000597397	
-0.123304	0.0119505	-0.00588631	-0.00755585	0.00394333	-0.00587647	0.00283172	0.000573109	-0.000619541	
-0.122852	0.0124063	-0.00611121	-0.00785004	0.0040963	-0.00609617	0.00293827	0.00059434	-0.000642513	
-0.1224	0.0128795	-0.00634472	-0.00815569	0.0042552	-0.00632415	0.00304885	0.000616363	-0.000666343	
-0.121947	0.0133708	-0.00658718	-0.00847322	0.00442027	-0.00656072	0.00316362	0.000639208	-0.000691064	
-0.121495	0.013881	-0.00683894	-0.00880312	0.00459175	-0.00680619	0.00328272	0.000662907	-0.000716708	
-0.121042	0.0144106	-0.00710035	-0.00914585	0.00476989	-0.00706091	0.00340634	0.00068749	-0.000743311	
-0.12059	0.0149606	-0.00737178	-0.00950193	0.00495493	-0.00732523	0.00353463	0.000712991	-0.000770909	
-0.120137	0.0155316	-0.00765362	-0.00987186	0.00514716	-0.00759951	0.00366778	0.000739445	-0.00079954	
-0.119685	0.0161245	-0.00794627	-0.0102562	0.00534685	-0.00788413	0.00380597	0.000766887	-0.000829241	
-0.119232	0.0167401	-0.00825013	-0.0106555	0.00555428	-0.00817948	0.0039494	0.000795355	-0.000860054	
-0.118779	0.0173792	-0.00856566	-0.0110703	0.00576977	-0.00848596	0.00409826	0.000824888	-0.000892019	
-0.118326	0.0180429	-0.00889328	-0.0115013	0.00599362	-0.00880401	0.00425275	0.000855524	-0.000925182	
-0.117873	0.018732	-0.00923347	-0.011949	0.00622616	-0.00913405	0.0044131	0.000887306	-0.000959586	
-0.11742	0.0194475	-0.00958671	-0.0124141	0.00646772	-0.00947654	0.00457952	0.000920278	-0.000995279	
-0.116967	0.0201904	-0.0099535	-0.0128974	0.00671866	-0.00983196	0.00475225	0.000954482	-0.00103231	
-0.116514	0.0209618	-0.0103344	-0.0133995	0.00697934	-0.0102008	0.00493153	0.000989967	-0.00107073	
-0.116061	0.0217628	-0.0107298	-0.0139211	0.00725014	-0.0105835	0.0051176	0.00102678	-0.00111058	
-0.115608	0.0225944	-0.0111405	-0.014463	0.00753144	-0.0109808	0.00531073	0.00106497	-0.00115193	
-0.115154	0.023458	-0.0115669	-0.015026	0.00782366	-0.011393	0.00551118	0.00110459	-0.00119484	
-0.114701	0.0243546	-0.0120097	-0.0156109	0.00812723	-0.0118207	0.00571923	0.0011457	-0.00123935	
-0.114247	0.0252857	-0.0124694	-0.0162185	0.00844258	-0.0122647	0.00593517	0.00118834	-0.00128553	
-0.113794	0.0262524	-0.0129468	-0.0168498	0.00877017	-0.0127254	0.0061593	0.00123259	-0.00133344	
-0.11334	0.0272562	-0.0134426	-0.0175057	0.00911047	-0.0132035	0.00639193	0.00127849	-0.00138315	
-0.112886	0.0282986	-0.0139574	-0.018187	0.00946398	-0.0136997	0.00663339	0.00132611	-0.00143473	
-0.112433	0.0293809	-0.0144919	-0.0188949	0.00983121	-0.0142146	0.006884	0.00137552	-0.00148824	
-0.111979	0.0305047	-0.0150469	-0.0196304	0.0102127	-0.014749	0.00714413	0.00142678	-0.00154376	
-0.111525	0.0316716	-0.0156233	-0.0203944	0.010609	-0.0153036	0.00741413	0.00147996	-0.00160137	
-0.111071	0.0328834	-0.0162218	-0.0211882	0.0110207	-0.0158792	0.00769437	0.00153514	-0.00166114	
-0.110617	0.0341416	-0.0168433	-0.0220129	0.0114483	-0.0164765	0.00798526	0.00159239	-0.00172315	
-0.110163	0.0354481	-0.0174886	-0.0228696	0.0118926	-0.0170965	0.00828718	0.00165179	-0.0017875	
-0.109709	0.0368047	-0.0181588	-0.0237597	0.0123541	-0.0177399	0.00860057	0.00171341	-0.00185427	
-0.109255	0.0382134	-0.0188546	-0.0246844	0.0128335	-0.0184076	0.00892585	0.00177735	-0.00192354	
-0.1088	0.0396762	-0.0195772	-0.0256451	0.0133315	-0.0191007	0.00926349	0.00184369	-0.00199542	
-0.108346	0.0411951	-0.0203276	-0.0266431	0.0138489	-0.0198199	0.00961395	0.00191253	-0.00207	
-0.107892	0.0427723	-0.0211068	-0.02768	0.0143863	-0.0205664	0.00997772	0.00198395	-0.00214739	
-0.107437	0.0444101	-0.0219159	-0.0287573	0.0149446	-0.0213411	0.0103553	0.00205805	-0.00222769	
-0.106983	0.0461107	-0.0227561	-0.0298764	0.0155246	-0.0221452	0.0107472	0.00213494	-0.00231101	
-0.106528	0.0478767	-0.0236286	-0.0310391	0.0161271	-0.0229797	0.0111541	0.00221471	-0.00239747	
-0.106074	0.0497105	-0.0245346	-0.032247	0.016753	-0.0238458	0.0115763	0.00229749	-0.00248718	
-0.105619	0.0516147	-0.0254754	-0.033502	0.0174032	-0.0247448	0.0120146	0.00238338	-0.00258027	
-0.105164	0.053592	-0.0264524	-0.0348057	0.0180786	-0.0256778	0.0124696	0.00247249	-0.00267686	
-0.10471	0.0556453	-0.0274669	-0.0361601	0.0187802	-0.0266461	0.0129419	0.00256496	-0.0027771	
-0.104255	0.0577774	-0.0285204	-0.0375673	0.0195091	-0.0276512	0.0134321	0.00266091	-0.0028811	
-0.1038	0.0599915	-0.0296144	-0.0390292	0.0202663	-0.0286943	0.0139409	0.00276047	-0.00298903	
-0.103345	0.0622906	-0.0307505	-0.040548	0.0210528	-0.029777	0.0144691	0.00286377	-0.00310102	
-0.10289	0.064678	-0.0319302	-0.0421258	0.0218699	-0.0309007	0.0150173	0.00297097	-0.00321724	
-0.102435	0.0671571	-0.0331552	-0.043765	0.0227187	-0.032067	0.0155864	0.00308219	-0.00333783	
-0.10198	0.0697316	-0.0344274	-0.045468	0.0236005	-0.0332775	0.0161772	0.00319761	-0.00346297	
-0.101525	0.0724049	-0.0357484	-0.0472373	0.0245165	-0.0345339	0.0167903	0.00331737	-0.00359283	
-0.10107	0.0751809	-0.0371203	-0.0490753	0.0254681	-0.035838	0.0174268	0.00344164	-0.00372759	
-0.100614	0.0780637	-0.0385448	-0.0509849	0.0264566	-0.0371916	0.0180875	0.0035706	-0.00386743	
-0.100159	0.0810572	-0.0400242	-0.0529688	0.0274835	-0.0385964	0.0187733	0.00370441	-0.00401255	
-0.0997036	0.0841658	-0.0415604	-0.0550298	0.0285503	-0.0400546	0.0194852	0.00384326	-0.00416314	
-0.0992482	0.0873938	-0.0431557	-0.057171	0.0296585	-0.0415681	0.0202242	0.00398735	-0.00431941	
-0.0987927	0.090746	-0.0448123	-0.0593955	0.0308097	-0.043139	0.0209912	0.00413686	-0.00448158	
-0.0983372	0.094227	-0.0465326	-0.0617065	0.0320056	-0.0447695	0.0217875	0.00429202	-0.00464988	
-0.0978817	0.0978418	-0.0483191	-0.0641074	0.0332479	-0.0464619	0.022614	0.00445302	-0.00482453	
-0.0974261	0.101596	-0.0501742	-0.0666017	0.0345385	-0.0482185	0.0234719	0.00462009	-0.00500577	
-0.0969704	0.105494	-0.0521007	-0.0691931	0.0358791	-0.0500418	0.0243624	0.00479346	-0.00519386	
-0.0965147	0.109542	-0.0541013	-0.0718852	0.0372719	-0.0519342	0.0252869	0.00497338	-0.00538905	
-0.096059	0.113745	-0.0561788	-0.0746821	0.0387187	-0.0538986	0.0262464	0.00516007	-0.00559162	
-0.0956032	0.11811	-0.0583362	-0.0775877	0.0402216	-0.0559374	0.0272425	0.00535382	-0.00580184	
-0.0951473	0.122644	-0.0605766	-0.0806064	0.041783	-0.0580537	0.0282765	0.00555487	-0.00602	
-0.0946914	0.127351	-0.0629031	-0.0837425	0.0434049	-0.0602503	0.0293497	0.00576351	-0.00624641	
-0.0942355	0.132239	-0.0653192	-0.0870006	0.0450899	-0.0625304	0.0304638	0.00598002	-0.00648137	
-0.0937795	0.137316	-0.0678281	-0.0903854	0.0468402	-0.0648969	0.0316202	0.00620471	-0.00672522	
-0.0933235	0.142588	-0.0704335	-0.0939018	0.0486586	-0.0673534	0.0328207	0.00643788	-0.00697829	
-0.0928674	0.148062	-0.0731391	-0.097555	0.0505475	-0.0699031	0.0340667	0.00667985	-0.00724092	
-0.0924113	0.153747	-0.0759488	-0.10135	0.0525098	-0.0725497	0.0353602	0.00693096	-0.00751349	
-0.0919551	0.159651	-0.0788666	-0.105293	0.0545482	-0.0752967	0.0367028	0.00719155	-0.00779637	
-0.0914989	0.165781	-0.0818965	-0.10939	0.0566658	-0.0781481	0.0380965	0.00746198	-0.00808994	
-0.0910426	0.172148	-0.085043	-0.113645	0.0588657	-0.0811077	0.0395431	0.00774263	-0.00839463	
-0.0905863	0.178759	-0.0883105	-0.118066	0.061151	-0.0841798	0.0410448	0.00803388	-0.00871084	
-0.09013	0.185625	-0.0917037	-0.12266	0.063525	-0.0873685	0.0426036	0.00833613	-0.00903901	
-0.0896736	0.192755	-0.0952274	-0.127431	0.0659912	-0.0906784	0.0442216	0.00864981	-0.00937961	
-0.0892172	0.200159	-0.0988866	-0.132389	0.0685531	-0.0941139	0.0459011	0.00897533	-0.00973309	
-0.0887607	0.207848	-0.102687	-0.137539	0.0712146	-0.09768	0.0476445	0.00931316	-0.0101	
-0.0883042	0.215833	-0.106633	-0.142889	0.0739794	-0.101381	0.0494541	0.00966375	-0.0104807	
-0.0878476	0.224124	-0.110731	-0.148448	0.0768515	-0.105224	0.0513325	0.0100276	-0.0108759	
-0.087391	0.232735	-0.114986	-0.154223	0.0798352	-0.109212	0.0532823	0.0104052	-0.011286	
-0.0869344	0.241678	-0.119405	-0.160222	0.0829348	-0.113351	0.0553062	0.0107971	-0.0117117	
-0.0864777	0.250964	-0.123994	-0.166455	0.0861547	-0.117648	0.0574069	0.0112038	-0.0121534	
-0.0860209	0.260607	-0.12876	-0.17293	0.0894997	-0.122108	0.0595875	0.0116258	-0.012612	
-0.0855642	0.270622	-0.133709	-0.179657	0.0929746	-0.126737	0.0618509	0.0120639	-0.0130878	
-0.0851074	0.281022	-0.138848	-0.186646	0.0965844	-0.131542	0.0642003	0.0125184	-0.0135817	
-0.0846505	0.291822	-0.144184	-0.193906	0.100334	-0.136529	0.0666389	0.0129902	-0.0140943	
-0.0841936	0.303037	-0.149726	-0.201449	0.10423	-0.141706	0.0691701	0.0134798	-0.0146264	
-0.0837367	0.314684	-0.155482	-0.209285	0.108277	-0.14708	0.0717974	0.013988	-0.0151786	
-0.0832797	0.32678	-0.161458	-0.217426	0.112481	-0.152657	0.0745244	0.0145153	-0.0157517	
-0.0828227	0.33934	-0.167664	-0.225883	0.116848	-0.158447	0.077355	0.0150627	-0.0163465	
-0.0823657	0.352384	-0.174109	-0.23467	0.121385	-0.164456	0.080293	0.0156307	-0.0169639	
-0.0819086	0.365929	-0.180801	-0.243798	0.126098	-0.170693	0.0833424	0.0162202	-0.0176046	
-0.0814515	0.379996	-0.187751	-0.253281	0.130995	-0.177167	0.0865076	0.016832	-0.0182697	
-0.0809943	0.394604	-0.194968	-0.263133	0.136081	-0.183887	0.0897928	0.0174669	-0.01896	
-0.0805372	0.409774	-0.202463	-0.273368	0.141365	-0.190861	0.0932026	0.0181259	-0.0196764	
-0.0800799	0.425528	-0.210245	-0.284002	0.146854	-0.198101	0.0967416	0.0188098	-0.02042	
-0.0796227	0.441888	-0.218327	-0.295048	0.152556	-0.205615	0.100415	0.0195195	-0.0211917	
-0.0791654	0.458877	-0.226719	-0.306525	0.15848	-0.213414	0.104227	0.0202561	-0.0219927	
-0.078708	0.476519	-0.235434	-0.318448	0.164634	-0.22151	0.108184	0.0210206	-0.0228241	
-0.0782506	0.494841	-0.244483	-0.330834	0.171027	-0.229912	0.112291	0.0218141	-0.023687	
-0.0777932	0.513867	-0.25388	-0.343702	0.177668	-0.238633	0.116553	0.0226375	-0.0245826	
-0.0773358	0.533625	-0.263639	-0.357071	0.184567	-0.247685	0.120977	0.0234921	-0.0255122	
-0.0768783	0.554143	-0.273772	-0.370959	0.191734	-0.25708	0.125568	0.024379	-0.026477	
-0.0764208	0.57545	-0.284295	-0.385388	0.19918	-0.266831	0.130333	0.0252995	-0.0274784	
-0.0759632	0.597577	-0.295222	-0.400378	0.206914	-0.276952	0.135278	0.0262548	-0.0285178	
-0.0755056	0.620555	-0.306568	-0.41595	0.214949	-0.287456	0.140411	0.0272462	-0.0295966	
-0.075048	0.644417	-0.31835	-0.432129	0.223296	-0.298359	0.145737	0.0282752	-0.0307163	
-0.0745904	0.669196	-0.330585	-0.448936	0.231968	-0.309674	0.151265	0.0293431	-0.0318784	
-0.0741327	0.694928	-0.34329	-0.466397	0.240976	-0.321419	0.157001	0.0304514	-0.0330846	
-0.0736749	0.72165	-0.356482	-0.484538	0.250334	-0.333608	0.162954	0.0316016	-0.0343365	
-0.0732172	0.7494	-0.370181	-0.503383	0.260056	-0.346259	0.169132	0.0327953	-0.0356359	
-0.0727594	0.778216	-0.384405	-0.522962	0.270155	-0.359388	0.175543	0.0340342	-0.0369845	
-0.0723016	0.80814	-0.399176	-0.543302	0.280646	-0.373015	0.182196	0.0353199	-0.0383843	
-0.0718437	0.839215	-0.414513	-0.564433	0.291545	-0.387157	0.1891	0.0366542	-0.0398371	
-0.0713858	0.871484	-0.430439	-0.586386	0.302868	-0.401834	0.196265	0.0380391	-0.041345	
-0.0709279	0.904994	-0.446976	-0.609193	0.31463	-0.417066	0.203699	0.0394762	-0.0429101	
-0.07047	0.939792	-0.464148	-0.632887	0.326849	-0.432875	0.211413	0.0409678	-0.0445345	
-0.070012	0.975927	-0.481977	-0.657502	0.339543	-0.44928	0.219418	0.0425157	-0.0462204	
-0.069554	1.01345	-0.500491	-0.683074	0.35273	-0.466306	0.227724	0.0441221	-0.0479703	
-0.0690959	1.05242	-0.519715	-0.709641	0.366429	-0.483975	0.236342	0.0457892	-0.0497865	
-0.0686378	1.09288	-0.539675	-0.737241	0.38066	-0.502312	0.245285	0.0475194	-0.0516715	
-0.0681797	1.1349	-0.560401	-0.765915	0.395445	-0.521341	0.254563	0.0493149	-0.0536279	
-0.0677216	1.17853	-0.581921	-0.795703	0.410803	-0.541088	0.26419	0.0511783	-0.0556585	
-0.0672634	1.22384	-0.604266	-0.82665	0.426758	-0.56158	0.274179	0.0531121	-0.0577659	
-0.0668052	1.27089	-0.627466	-0.858801	0.443333	-0.582845	0.284542	0.055119	-0.0599532	
-0.066347	1.31974	-0.651556	-0.892202	0.460552	-0.604911	0.295294	0.0572016	-0.0622234	
-0.0658887	1.37048	-0.676568	-0.926902	0.47844	-0.62781	0.306448	0.0593629	-0.0645796	
-0.0654304	1.42316	-0.702537	-0.962952	0.497023	-0.651571	0.318021	0.0616058	-0.0670249	
-0.0649721	1.47786	-0.729501	-1.0004	0.516328	-0.676227	0.330026	0.0639334	-0.0695629	
-0.0645138	1.53466	-0.757497	-1.03931	0.536383	-0.701811	0.342481	0.0663489	-0.0721969	
-0.0640554	1.59364	-0.786564	-1.07973	0.557217	-0.728357	0.355401	0.0688555	-0.0749307	
-0.063597	1.65489	-0.816743	-1.12173	0.57886	-0.755903	0.368804	0.0714566	-0.0777679	
-0.0631385	1.71849	-0.848077	-1.16535	0.601344	-0.784483	0.382707	0.0741559	-0.0807125	
-0.0626801	1.78452	-0.880609	-1.21068	0.624702	-0.814138	0.397128	0.076957	-0.0837685	
-0.0622216	1.85309	-0.914384	-1.25776	0.648968	-0.844906	0.412087	0.0798637	-0.0869401	
-0.0617631	1.92429	-0.94945	-1.30668	0.674176	-0.876829	0.427603	0.08288	-0.0902316	
-0.0613045	1.99822	-0.985856	-1.3575	0.700364	-0.90995	0.443697	0.08601	-0.0936477	
-0.0608459	2.07499	-1.02365	-1.4103	0.727569	-0.944312	0.460389	0.0892579	-0.0971928	
-0.0603873	2.1547	-1.06289	-1.46515	0.755831	-0.979963	0.477701	0.0926282	-0.100872	
-0.0599287	2.23746	-1.10363	-1.52213	0.785191	-1.01695	0.495655	0.0961254	-0.10469	
-0.05947	2.3234	-1.14593	-1.58133	0.815693	-1.05532	0.514275	0.0997542	-0.108653	
-0.0590113	2.41262	-1.18983	-1.64283	0.847379	-1.09512	0.533586	0.10352	-0.112765	
-0.0585526	2.50527	-1.23542	-1.70672	0.880297	-1.13642	0.55361	0.107427	-0.117032	
-0.0580939	2.60146	-1.28274	-1.7731	0.914494	-1.17925	0.574376	0.111481	-0.121461	
-0.0576351	2.70134	-1.33186	-1.84206	0.950019	-1.22369	0.595908	0.115687	-0.126057	
-0.0571763	2.80504	-1.38286	-1.91371	0.986925	-1.26978	0.618235	0.120052	-0.130826	
-0.0567175	2.91272	-1.4358	-1.98814	1.02527	-1.31759	0.641385	0.124581	-0.135775	
-0.0562586	3.02451	-1.49076	-2.06546	1.0651	-1.36719	0.665387	0.129279	-0.140911	
-0.0557997	3.14058	-1.5478	-2.14579	1.10647	-1.41862	0.690273	0.134154	-0.14624	
-0.0553408	3.26109	-1.60702	-2.22925	1.14946	-1.47198	0.716072	0.139213	-0.15177	
-0.0548819	3.38621	-1.6685	-2.31595	1.19412	-1.52731	0.742818	0.144461	-0.157509	
-0.0544229	3.51611	-1.73231	-2.40603	1.24051	-1.5847	0.770545	0.149905	-0.163463	
-0.0539639	3.65097	-1.79854	-2.4996	1.2887	-1.64422	0.799286	0.155554	-0.169642	
-0.0535049	3.79099	-1.8673	-2.59682	1.33877	-1.70595	0.829077	0.161415	-0.176054	
-0.0530459	3.93636	-1.93866	-2.69782	1.39079	-1.76996	0.859957	0.167495	-0.182706	
-0.0525868	4.08728	-2.01274	-2.80275	1.44482	-1.83634	0.891962	0.173802	-0.189609	
-0.0521277	4.24397	-2.08962	-2.91176	1.50096	-1.90518	0.925132	0.180346	-0.196771	
-0.0516686	4.40663	-2.16942	-3.02501	1.55927	-1.97655	0.959509	0.187134	-0.204203	
-0.0512095	4.5755	-2.25225	-3.14267	1.61986	-2.05056	0.995133	0.194176	-0.211913	
-0.0507503	4.75081	-2.33822	-3.2649	1.6828	-2.1273	1.03205	0.201482	-0.219913	
-0.0502911	4.93281	-2.42745	-3.39189	1.74818	-2.20687	1.0703	0.20906	-0.228213	
-0.0498319	5.12175	-2.52005	-3.52382	1.81611	-2.28936	1.10993	0.21692	-0.236825	
-0.0493726	5.31789	-2.61616	-3.66088	1.88668	-2.37488	1.15099	0.225074	-0.245759	
-0.0489133	5.5215	-2.71591	-3.80327	1.95998	-2.46354	1.19354	0.233532	-0.255028	
-0.048454	5.73286	-2.81943	-3.9512	2.03614	-2.55545	1.23761	0.242306	-0.264644	
-0.0479947	5.95227	-2.92686	-4.10489	2.11526	-2.65072	1.28326	0.251405	-0.27462	
-0.0475354	6.18003	-3.03834	-4.26456	2.19746	-2.74947	1.33055	0.260844	-0.284969	
-0.047076	6.41646	-3.15404	-4.43043	2.28285	-2.85184	1.37952	0.270633	-0.295706	
-0.0466166	6.66187	-3.2741	-4.60277	2.37156	-2.95793	1.43025	0.280786	-0.306843	
-0.0461571	6.91662	-3.3987	-4.7818	2.46372	-3.06789	1.48278	0.291316	-0.318396	
-0.0456977	7.18104	-3.52798	-4.9678	2.55946	-3.18185	1.53718	0.302237	-0.33038	
-0.0452382	7.45551	-3.66214	-5.16104	2.65892	-3.29994	1.59351	0.313562	-0.342811	
-0.0447787	7.74039	-3.80135	-5.3618	2.76225	-3.42232	1.65183	0.325308	-0.355705	
-0.0443192	8.0361	-3.9458	-5.57037	2.8696	-3.54913	1.71221	0.337488	-0.369079	
-0.0438596	8.34301	-4.09568	-5.78705	2.98112	-3.68052	1.77472	0.350118	-0.382952	
-0.0434	8.66157	-4.25119	-6.01216	3.09698	-3.81666	1.83942	0.363216	-0.397339	
-0.0429404	8.9922	-4.41254	-6.24604	3.21734	-3.9577	1.9064	0.376798	-0.412262	
-0.0424807	9.33535	-4.57995	-6.48901	3.34238	-4.10381	1.97572	0.39088	-0.427739	
-0.0420211	9.6915	-4.75364	-6.74144	3.47228	-4.25518	2.04745	0.405482	-0.443789	
-0.0415614	10.0611	-4.93384	-7.00369	3.60724	-4.41197	2.12169	0.420622	-0.460435	
-0.0411017	10.4447	-5.12079	-7.27615	3.74744	-4.57437	2.1985	0.436319	-0.477697	
-0.0406419	10.8428	-5.31474	-7.55921	3.89309	-4.74257	2.27797	0.452593	-0.495598	
-0.0401821	11.256	-5.51595	-7.85328	4.04441	-4.91677	2.36019	0.469465	-0.514161	
-0.0397223	11.6847	-5.72467	-8.1588	4.20161	-5.09717	2.44523	0.486957	-0.533409	
-0.0392625	12.1297	-5.9412	-8.47621	4.36492	-5.28398	2.5332	0.50509	-0.553368	
-0.0388027	12.5914	-6.16581	-8.80597	4.53458	-5.47741	2.62418	0.523887	-0.574062	
-0.0383428	13.0706	-6.3988	-9.14857	4.71084	-5.67768	2.71826	0.543371	-0.595519	
-0.0378829	13.5678	-6.64048	-9.5045	4.89396	-5.88502	2.81555	0.563568	-0.617765	
-0.0374229	14.0837	-6.89116	-9.87428	5.08419	-6.09966	2.91613	0.584503	-0.640829	
-0.036963	14.619	-7.15117	-10.2585	5.28183	-6.32185	3.02012	0.606201	-0.664739	
-0.036503	15.1745	-7.42086	-10.6576	5.48715	-6.55183	3.12761	0.628689	-0.689527	
-0.0360429	15.7509	-7.70057	-11.0723	5.70046	-6.78985	3.23871	0.651996	-0.715222	
-0.0355829	16.3489	-7.99067	-11.5031	5.92206	-7.03618	3.35353	0.67615	-0.741858	
-0.0351228	16.9694	-8.29154	-11.9506	6.15228	-7.29108	3.47217	0.701181	-0.769467	
-0.0346627	17.6132	-8.60356	-12.4156	6.39145	-7.55484	3.59476	0.72712	-0.798084	
-0.0342026	18.2811	-8.92716	-12.8987	6.63993	-7.82773	3.72141	0.753998	-0.827744	
-0.0337424	18.974	-9.26273	-13.4007	6.89807	-8.11006	3.85224	0.781848	-0.858484	
-0.0332822	19.6929	-9.61072	-13.9221	7.16625	-8.40211	3.98736	0.810704	-0.890341	
-0.0328219	20.4388	-9.97158	-14.4639	7.44486	-8.7042	4.1269	0.840601	-0.923356	
-0.0323617	21.2125	-10.3458	-15.0267	7.73431	-9.01664	4.271	0.871575	-0.957568	
-0.0319014	22.0151	-10.7338	-15.6115	8.03502	-9.33976	4.41976	0.903664	-0.993018	
-0.031441	22.8477	-11.1361	-16.219	8.34743	-9.67389	4.57334	0.936906	-1.02975	
-0.0309807	23.7115	-11.5533	-16.8502	8.67199	-10.0194	4.73186	0.97134	-1.06781	
-0.0305203	24.6074	-11.9858	-17.506	9.00917	-10.3766	4.89545	1.00701	-1.10724	
-0.0300599	25.5367	-12.4342	-18.1873	9.35947	-10.7458	5.06426	1.04395	-1.14809	
-0.0295994	26.5007	-12.8991	-18.8951	9.72339	-11.1275	5.23843	1.08222	-1.19041	
-0.0291389	27.5005	-13.3811	-19.6305	10.1015	-11.5219	5.4181	1.12184	-1.23425	
-0.0286784	28.5375	-13.8809	-20.3945	10.4943	-11.9296	5.60342	1.16288	-1.27965	
-0.0282178	29.6131	-14.3989	-21.1883	10.9023	-12.3509	5.79454	1.20538	-1.32668	
-0.0277572	30.7286	-14.9359	-22.013	11.3263	-12.7861	5.9916	1.24939	-1.37539	
-0.0272966	31.8855	-15.4927	-22.8699	11.7667	-13.2358	6.19477	1.29496	-1.42584	
-0.0268359	33.0853	-16.0698	-23.7601	12.2243	-13.7003	6.4042	1.34214	-1.47808	
-0.0263752	34.3296	-16.668	-24.685	12.6997	-14.18	6.62004	1.39099	-1.53217	
-0.0259144	35.62	-17.2881	-25.6459	13.1935	-14.6755	6.84247	1.44155	-1.58818	
-0.0254536	36.9582	-17.9308	-26.6442	13.7066	-15.1871	7.07163	1.4939	-1.64618	
-0.0249928	38.3458	-18.597	-27.6814	14.2396	-15.7153	7.3077	1.54809	-1.70622	
-0.0245319	39.7847	-19.2876	-28.7591	14.7934	-16.2607	7.55084	1.60419	-1.76837	
-0.024071	41.2767	-20.0033	-29.8787	15.3687	-16.8236	7.80122	1.66224	-1.83271	
-0.02361	42.8238	-20.745	-31.042	15.9664	-17.4046	8.05902	1.72233	-1.89931	
-0.023149	44.4278	-21.5138	-32.2506	16.5874	-18.0041	8.3244	1.78451	-1.96823	
-0.022688	46.0908	-22.3106	-33.5062	17.2325	-18.6227	8.59753	1.84885	-2.03957	
-0.0222269	47.8152	-23.1363	-34.8108	17.9027	-19.2609	8.87861	1.91544	-2.11339	
-0.0217658	49.603	-23.9921	-36.1662	18.5989	-19.9193	9.1678	1.98433	-2.18978	
-0.0213046	51.4566	-24.8789	-37.5745	19.3223	-20.5985	9.46529	2.05561	-2.26882	
-0.0208434	53.3783	-25.798	-39.0376	20.0738	-21.2988	9.77126	2.12935	-2.35059	
-0.0203821	55.3705	-26.7505	-40.5577	20.8545	-22.021	10.0859	2.20563	-2.43519	
-0.0199208	57.4359	-27.7375	-42.1371	21.6657	-22.7656	10.4094	2.28455	-2.5227	
-0.0194594	59.5769	-28.7603	-43.7781	22.5083	-23.5331	10.7419	2.36617	-2.61322	
